date,timestamp,share_size,execution_price,remaining_shares,transaction_cost,action
2023-09-20,2023-09-20 13:30:00+00:00,2,179.69,998,6.278519904094595e-06,2
2023-09-20,2023-09-20 13:31:00+00:00,35,179.31,963,2.6264933147772528e-05,35
2023-09-20,2023-09-20 13:32:00+00:00,35,178.99,928,2.6264933147772528e-05,35
2023-09-20,2023-09-20 13:33:00+00:00,10,178.88,918,1.4039197303640975e-05,10
2023-09-20,2023-09-20 13:34:00+00:00,7,178.82,911,1.174603518858138e-05,7
2023-09-20,2023-09-20 13:35:00+00:00,10,178.9,901,1.4039197303640975e-05,10
2023-09-20,2023-09-20 13:36:00+00:00,10,178.87,891,1.4039197303640975e-05,10
2023-09-20,2023-09-20 13:37:00+00:00,31,178.79,860,2.471855758099036e-05,31
2023-09-20,2023-09-20 13:38:00+00:00,79,178.7,781,3.945988572400361e-05,79
2023-09-20,2023-09-20 13:39:00+00:00,86,178.66,695,4.11710082947068e-05,86
2023-09-20,2023-09-20 13:40:00+00:00,10,178.8,685,1.4039197303640975e-05,10
2023-09-20,2023-09-20 13:41:00+00:00,89,178.83,596,4.188295169018039e-05,89
2023-09-20,2023-09-20 13:42:00+00:00,56,178.81,540,3.3222804535606804e-05,56
2023-09-20,2023-09-20 13:43:00+00:00,7,178.51,533,1.174603518858138e-05,7
2023-09-20,2023-09-20 13:44:00+00:00,33,178.53,500,2.5503468412567888e-05,33
2023-09-20,2023-09-20 13:45:00+00:00,46,178.45,454,3.0110723675803213e-05,46
2023-09-20,2023-09-20 13:46:00+00:00,89,178.51,365,4.188295169018039e-05,89
2023-09-20,2023-09-20 13:47:00+00:00,12,178.44,353,1.5379170104939733e-05,12
2023-09-20,2023-09-20 13:48:00+00:00,33,178.34,320,2.5503468412567888e-05,33
2023-09-20,2023-09-20 13:49:00+00:00,48,178.18,272,3.0758340209879466e-05,48
2023-09-20,2023-09-20 13:50:00+00:00,77,178.22,195,3.895719149483587e-05,77
2023-09-20,2023-09-20 13:51:00+00:00,10,178.16,185,1.4039197303640975e-05,10
2023-09-20,2023-09-20 13:52:00+00:00,73,178.2,112,3.7931822323651786e-05,73
2023-09-20,2023-09-20 13:53:00+00:00,46,178.16,66,3.0110723675803213e-05,46
2023-09-20,2023-09-20 13:54:00+00:00,35,178.33,31,2.6264933147772528e-05,35
2023-09-20,2023-09-20 13:55:00+00:00,31,178.46,0,2.471855758099036e-05,33
2023-09-25,2023-09-25 13:30:00+00:00,46,175.13,954,3.0110723675803213e-05,46
2023-09-25,2023-09-25 13:31:00+00:00,63,174.97,891,3.523810556574414e-05,63
2023-09-25,2023-09-25 13:32:00+00:00,73,174.74,818,3.7931822323651786e-05,73
2023-09-25,2023-09-25 13:33:00+00:00,45,174.7,773,2.978163484746128e-05,45
2023-09-25,2023-09-25 13:34:00+00:00,33,174.54,740,2.5503468412567888e-05,33
2023-09-25,2023-09-25 13:35:00+00:00,56,174.62,684,3.3222804535606804e-05,56
2023-09-25,2023-09-25 13:36:00+00:00,56,174.74,628,3.3222804535606804e-05,56
2023-09-25,2023-09-25 13:37:00+00:00,77,174.73,551,3.895719149483587e-05,77
2023-09-25,2023-09-25 13:38:00+00:00,66,174.82,485,3.606735091660734e-05,66
2023-09-25,2023-09-25 13:39:00+00:00,10,174.67,475,1.4039197303640975e-05,10
2023-09-25,2023-09-25 13:40:00+00:00,89,174.9,386,4.188295169018039e-05,89
2023-09-25,2023-09-25 13:41:00+00:00,89,174.87,297,4.188295169018039e-05,89
2023-09-25,2023-09-25 13:42:00+00:00,10,174.9,287,1.4039197303640975e-05,10
2023-09-25,2023-09-25 13:43:00+00:00,37,174.94,250,2.700493520531149e-05,37
2023-09-25,2023-09-25 13:44:00+00:00,10,174.78,240,1.4039197303640975e-05,10
2023-09-25,2023-09-25 13:45:00+00:00,20,174.67,220,1.9854423231640855e-05,20
2023-09-25,2023-09-25 13:46:00+00:00,50,174.71,170,3.139259952047298e-05,50
2023-09-25,2023-09-25 13:47:00+00:00,13,174.79,157,1.600714775372952e-05,13
2023-09-25,2023-09-25 13:48:00+00:00,49,174.84,108,3.1077088e-05,49
2023-09-25,2023-09-25 13:49:00+00:00,40,174.8,68,2.807839460728195e-05,40
2023-09-25,2023-09-25 13:50:00+00:00,13,174.94,55,1.600714775372952e-05,13
2023-09-25,2023-09-25 13:51:00+00:00,55,174.93,0,3.292483614413411e-05,71
2023-09-26,2023-09-26 13:30:00+00:00,46,175.04,954,3.0110723675803213e-05,46
2023-09-26,2023-09-26 13:31:00+00:00,77,174.78,877,3.895719149483587e-05,77
2023-09-26,2023-09-26 13:32:00+00:00,33,174.59,844,2.5503468412567888e-05,33
2023-09-26,2023-09-26 13:33:00+00:00,79,174.63,765,3.945988572400361e-05,79
2023-09-26,2023-09-26 13:34:00+00:00,71,174.69,694,3.74085997145974e-05,71
2023-09-26,2023-09-26 13:35:00+00:00,10,174.6,684,1.4039197303640975e-05,10
2023-09-26,2023-09-26 13:36:00+00:00,45,174.61,639,2.978163484746128e-05,45
2023-09-26,2023-09-26 13:37:00+00:00,31,174.46,608,2.471855758099036e-05,31
2023-09-26,2023-09-26 13:38:00+00:00,77,174.67,531,3.895719149483587e-05,77
2023-09-26,2023-09-26 13:39:00+00:00,89,174.58,442,4.188295169018039e-05,89
2023-09-26,2023-09-26 13:40:00+00:00,35,174.68,407,2.6264933147772528e-05,35
2023-09-26,2023-09-26 13:41:00+00:00,15,174.56,392,1.719443489608891e-05,15
2023-09-26,2023-09-26 13:42:00+00:00,10,174.59,382,1.4039197303640975e-05,10
2023-09-26,2023-09-26 13:43:00+00:00,10,174.51,372,1.4039197303640975e-05,10
2023-09-26,2023-09-26 13:44:00+00:00,8,174.54,364,1.255703980818919e-05,8
2023-09-26,2023-09-26 13:45:00+00:00,86,174.47,278,4.11710082947068e-05,86
2023-09-26,2023-09-26 13:46:00+00:00,10,174.5,268,1.4039197303640975e-05,10
2023-09-26,2023-09-26 13:47:00+00:00,82,174.33,186,4.020214297311267e-05,82
2023-09-26,2023-09-26 13:48:00+00:00,10,174.2,176,1.4039197303640975e-05,10
2023-09-26,2023-09-26 13:49:00+00:00,46,174.15,130,3.0110723675803213e-05,46
2023-09-26,2023-09-26 13:50:00+00:00,8,173.87,122,1.255703980818919e-05,8
2023-09-26,2023-09-26 13:51:00+00:00,13,173.72,109,1.600714775372952e-05,13
2023-09-26,2023-09-26 13:52:00+00:00,35,173.67,74,2.6264933147772528e-05,35
2023-09-26,2023-09-26 13:53:00+00:00,36,173.52,38,2.6637504e-05,36
2023-09-26,2023-09-26 13:54:00+00:00,8,173.48,30,1.255703980818919e-05,8
2023-09-26,2023-09-26 13:55:00+00:00,30,173.49,0,2.4316603027390154e-05,71
2023-10-03,2023-10-03 13:30:00+00:00,78,172.84,922,3.920934423397525e-05,78
2023-10-03,2023-10-03 13:31:00+00:00,56,172.74,866,3.3222804535606804e-05,56
2023-10-03,2023-10-03 13:32:00+00:00,33,172.77,833,2.5503468412567888e-05,33
2023-10-03,2023-10-03 13:33:00+00:00,33,172.91,800,2.5503468412567888e-05,33
2023-10-03,2023-10-03 13:34:00+00:00,10,172.86,790,1.4039197303640975e-05,10
2023-10-03,2023-10-03 13:35:00+00:00,89,172.82,701,4.188295169018039e-05,89
2023-10-03,2023-10-03 13:36:00+00:00,71,173.01,630,3.74085997145974e-05,71
2023-10-03,2023-10-03 13:37:00+00:00,71,173.17,559,3.74085997145974e-05,71
2023-10-03,2023-10-03 13:38:00+00:00,48,173.27,511,3.0758340209879466e-05,48
2023-10-03,2023-10-03 13:39:00+00:00,13,173.14,498,1.600714775372952e-05,13
2023-10-03,2023-10-03 13:40:00+00:00,64,173.35,434,3.5516672e-05,64
2023-10-03,2023-10-03 13:41:00+00:00,89,173.33,345,4.188295169018039e-05,89
2023-10-03,2023-10-03 13:42:00+00:00,35,173.27,310,2.6264933147772528e-05,35
2023-10-03,2023-10-03 13:43:00+00:00,48,173.19,262,3.0758340209879466e-05,48
2023-10-03,2023-10-03 13:44:00+00:00,10,173.29,252,1.4039197303640975e-05,10
2023-10-03,2023-10-03 13:45:00+00:00,49,173.29,203,3.1077088e-05,49
2023-10-03,2023-10-03 13:46:00+00:00,46,173.26,157,3.0110723675803213e-05,46
2023-10-03,2023-10-03 13:47:00+00:00,1,173.12,156,4.439584e-06,1
2023-10-03,2023-10-03 13:48:00+00:00,45,173.09,111,2.978163484746128e-05,45
2023-10-03,2023-10-03 13:49:00+00:00,77,173.35,34,3.895719149483587e-05,77
2023-10-03,2023-10-03 13:50:00+00:00,10,173.42,24,1.4039197303640975e-05,10
2023-10-03,2023-10-03 13:51:00+00:00,24,173.54,0,2.1749430940448624e-05,56
2023-10-04,2023-10-04 13:30:00+00:00,77,171.63,923,3.895719149483587e-05,77
2023-10-04,2023-10-04 13:31:00+00:00,77,171.78,846,3.895719149483587e-05,77
2023-10-04,2023-10-04 13:32:00+00:00,88,172.11,758,4.1646989521319884e-05,88
2023-10-04,2023-10-04 13:33:00+00:00,36,172.07,722,2.6637504e-05,36
2023-10-04,2023-10-04 13:34:00+00:00,78,172.28,644,3.920934423397525e-05,78
2023-10-04,2023-10-04 13:35:00+00:00,63,172.19,581,3.523810556574414e-05,63
2023-10-04,2023-10-04 13:36:00+00:00,71,172.13,510,3.74085997145974e-05,71
2023-10-04,2023-10-04 13:37:00+00:00,10,172.2,500,1.4039197303640975e-05,10
2023-10-04,2023-10-04 13:38:00+00:00,48,172.38,452,3.0758340209879466e-05,48
2023-10-04,2023-10-04 13:39:00+00:00,78,172.45,374,3.920934423397525e-05,78
2023-10-04,2023-10-04 13:40:00+00:00,73,172.41,301,3.7931822323651786e-05,73
2023-10-04,2023-10-04 13:41:00+00:00,10,172.32,291,1.4039197303640975e-05,10
2023-10-04,2023-10-04 13:42:00+00:00,10,172.23,281,1.4039197303640975e-05,10
2023-10-04,2023-10-04 13:43:00+00:00,35,172.15,246,2.6264933147772528e-05,35
2023-10-04,2023-10-04 13:44:00+00:00,78,172.23,168,3.920934423397525e-05,78
2023-10-04,2023-10-04 13:45:00+00:00,10,172.36,158,1.4039197303640975e-05,10
2023-10-04,2023-10-04 13:46:00+00:00,1,172.41,157,4.439584e-06,1
2023-10-04,2023-10-04 13:47:00+00:00,57,172.6,100,3.351812416147706e-05,57
2023-10-04,2023-10-04 13:48:00+00:00,89,172.68,11,4.188295169018039e-05,89
2023-10-04,2023-10-04 13:49:00+00:00,11,172.67,0,1.4724434353265188e-05,32
2023-10-06,2023-10-06 13:30:00+00:00,78,174.56,922,3.920934423397525e-05,78
2023-10-06,2023-10-06 13:31:00+00:00,46,175.06,876,3.0110723675803213e-05,46
2023-10-06,2023-10-06 13:32:00+00:00,77,175.0,799,3.895719149483587e-05,77
2023-10-06,2023-10-06 13:33:00+00:00,78,175.04,721,3.920934423397525e-05,78
2023-10-06,2023-10-06 13:34:00+00:00,36,174.68,685,2.6637504e-05,36
2023-10-06,2023-10-06 13:35:00+00:00,10,174.42,675,1.4039197303640975e-05,10
2023-10-06,2023-10-06 13:36:00+00:00,13,174.37,662,1.600714775372952e-05,13
2023-10-06,2023-10-06 13:37:00+00:00,89,174.19,573,4.188295169018039e-05,89
2023-10-06,2023-10-06 13:38:00+00:00,9,173.78,564,1.3318752e-05,9
2023-10-06,2023-10-06 13:39:00+00:00,45,173.72,519,2.978163484746128e-05,45
2023-10-06,2023-10-06 13:40:00+00:00,35,173.41,484,2.6264933147772528e-05,35
2023-10-06,2023-10-06 13:41:00+00:00,10,173.58,474,1.4039197303640975e-05,10
2023-10-06,2023-10-06 13:42:00+00:00,35,173.57,439,2.6264933147772528e-05,35
2023-10-06,2023-10-06 13:43:00+00:00,73,173.69,366,3.7931822323651786e-05,73
2023-10-06,2023-10-06 13:44:00+00:00,89,173.64,277,4.188295169018039e-05,89
2023-10-06,2023-10-06 13:45:00+00:00,56,173.96,221,3.3222804535606804e-05,56
2023-10-06,2023-10-06 13:46:00+00:00,45,174.1,176,2.978163484746128e-05,45
2023-10-06,2023-10-06 13:47:00+00:00,10,174.05,166,1.4039197303640975e-05,10
2023-10-06,2023-10-06 13:48:00+00:00,60,174.09,106,3.438886979217782e-05,60
2023-10-06,2023-10-06 13:49:00+00:00,12,174.05,94,1.5379170104939733e-05,12
2023-10-06,2023-10-06 13:50:00+00:00,35,173.79,59,2.6264933147772528e-05,35
2023-10-06,2023-10-06 13:51:00+00:00,35,173.99,24,2.6264933147772528e-05,35
2023-10-06,2023-10-06 13:52:00+00:00,24,173.88,0,2.1749430940448624e-05,35
2023-10-09,2023-10-09 13:30:00+00:00,78,176.85,922,3.920934423397525e-05,78
2023-10-09,2023-10-09 13:31:00+00:00,48,176.87,874,3.0758340209879466e-05,48
2023-10-09,2023-10-09 13:32:00+00:00,77,176.65,797,3.895719149483587e-05,77
2023-10-09,2023-10-09 13:33:00+00:00,27,176.31,770,2.30687551574096e-05,27
2023-10-09,2023-10-09 13:34:00+00:00,20,176.35,750,1.9854423231640855e-05,20
2023-10-09,2023-10-09 13:35:00+00:00,33,176.23,717,2.5503468412567888e-05,33
2023-10-09,2023-10-09 13:36:00+00:00,25,176.36,692,2.219792e-05,25
2023-10-09,2023-10-09 13:37:00+00:00,40,176.26,652,2.807839460728195e-05,40
2023-10-09,2023-10-09 13:38:00+00:00,89,176.2,563,4.188295169018039e-05,89
2023-10-09,2023-10-09 13:39:00+00:00,35,176.26,528,2.6264933147772528e-05,35
2023-10-09,2023-10-09 13:40:00+00:00,71,176.38,457,3.74085997145974e-05,71
2023-10-09,2023-10-09 13:41:00+00:00,49,176.4,408,3.1077088e-05,49
2023-10-09,2023-10-09 13:42:00+00:00,40,176.71,368,2.807839460728195e-05,40
2023-10-09,2023-10-09 13:43:00+00:00,21,176.74,347,2.0344729734114827e-05,21
2023-10-09,2023-10-09 13:44:00+00:00,7,176.83,340,1.174603518858138e-05,7
2023-10-09,2023-10-09 13:45:00+00:00,44,176.97,296,2.9448868706530376e-05,44
2023-10-09,2023-10-09 13:46:00+00:00,33,176.93,263,2.5503468412567888e-05,33
2023-10-09,2023-10-09 13:47:00+00:00,10,176.77,253,1.4039197303640975e-05,10
2023-10-09,2023-10-09 13:48:00+00:00,49,177.0,204,3.1077088e-05,49
2023-10-09,2023-10-09 13:49:00+00:00,10,177.08,194,1.4039197303640975e-05,10
2023-10-09,2023-10-09 13:50:00+00:00,40,177.07,154,2.807839460728195e-05,40
2023-10-09,2023-10-09 13:51:00+00:00,10,177.01,144,1.4039197303640975e-05,10
2023-10-09,2023-10-09 13:52:00+00:00,69,177.06,75,3.687795439582928e-05,69
2023-10-09,2023-10-09 13:53:00+00:00,10,177.04,65,1.4039197303640975e-05,10
2023-10-09,2023-10-09 13:54:00+00:00,10,177.16,55,1.4039197303640975e-05,10
2023-10-09,2023-10-09 13:55:00+00:00,49,177.12,6,3.1077088e-05,49
2023-10-09,2023-10-09 13:56:00+00:00,6,177.28,0,1.0874715470224312e-05,10
2023-10-16,2023-10-16 13:30:00+00:00,46,177.1,954,3.0110723675803213e-05,46
2023-10-16,2023-10-16 13:31:00+00:00,77,177.56,877,3.895719149483587e-05,77
2023-10-16,2023-10-16 13:32:00+00:00,77,177.73,800,3.895719149483587e-05,77
2023-10-16,2023-10-16 13:33:00+00:00,46,177.88,754,3.0110723675803213e-05,46
2023-10-16,2023-10-16 13:34:00+00:00,33,178.16,721,2.5503468412567888e-05,33
2023-10-16,2023-10-16 13:35:00+00:00,89,178.12,632,4.188295169018039e-05,89
2023-10-16,2023-10-16 13:36:00+00:00,33,178.15,599,2.5503468412567888e-05,33
2023-10-16,2023-10-16 13:37:00+00:00,44,178.35,555,2.9448868706530376e-05,44
2023-10-16,2023-10-16 13:38:00+00:00,89,178.31,466,4.188295169018039e-05,89
2023-10-16,2023-10-16 13:39:00+00:00,10,178.33,456,1.4039197303640975e-05,10
2023-10-16,2023-10-16 13:40:00+00:00,77,177.9,379,3.895719149483587e-05,77
2023-10-16,2023-10-16 13:41:00+00:00,77,178.33,302,3.895719149483587e-05,77
2023-10-16,2023-10-16 13:42:00+00:00,66,178.22,236,3.606735091660734e-05,66
2023-10-16,2023-10-16 13:43:00+00:00,33,177.89,203,2.5503468412567888e-05,33
2023-10-16,2023-10-16 13:44:00+00:00,10,177.66,193,1.4039197303640975e-05,10
2023-10-16,2023-10-16 13:45:00+00:00,10,177.38,183,1.4039197303640975e-05,10
2023-10-16,2023-10-16 13:46:00+00:00,10,177.42,173,1.4039197303640975e-05,10
2023-10-16,2023-10-16 13:47:00+00:00,10,177.44,163,1.4039197303640975e-05,10
2023-10-16,2023-10-16 13:48:00+00:00,82,177.5,81,4.020214297311267e-05,82
2023-10-16,2023-10-16 13:49:00+00:00,10,177.29,71,1.4039197303640975e-05,10
2023-10-16,2023-10-16 13:50:00+00:00,36,177.25,35,2.6637504e-05,36
2023-10-16,2023-10-16 13:51:00+00:00,35,177.31,0,2.6264933147772528e-05,89
2023-10-17,2023-10-17 13:30:00+00:00,78,176.96,922,3.920934423397525e-05,78
2023-10-17,2023-10-17 13:31:00+00:00,46,176.98,876,3.0110723675803213e-05,46
2023-10-17,2023-10-17 13:32:00+00:00,77,176.84,799,3.895719149483587e-05,77
2023-10-17,2023-10-17 13:33:00+00:00,78,176.71,721,3.920934423397525e-05,78
2023-10-17,2023-10-17 13:34:00+00:00,77,176.32,644,3.895719149483587e-05,77
2023-10-17,2023-10-17 13:35:00+00:00,35,176.39,609,2.6264933147772528e-05,35
2023-10-17,2023-10-17 13:36:00+00:00,10,176.15,599,1.4039197303640975e-05,10
2023-10-17,2023-10-17 13:37:00+00:00,10,176.2,589,1.4039197303640975e-05,10
2023-10-17,2023-10-17 13:38:00+00:00,33,176.29,556,2.5503468412567888e-05,33
2023-10-17,2023-10-17 13:39:00+00:00,77,176.18,479,3.895719149483587e-05,77
2023-10-17,2023-10-17 13:40:00+00:00,10,176.12,469,1.4039197303640975e-05,10
2023-10-17,2023-10-17 13:41:00+00:00,45,176.01,424,2.978163484746128e-05,45
2023-10-17,2023-10-17 13:42:00+00:00,20,175.98,404,1.9854423231640855e-05,20
2023-10-17,2023-10-17 13:43:00+00:00,10,175.87,394,1.4039197303640975e-05,10
2023-10-17,2023-10-17 13:44:00+00:00,20,175.78,374,1.9854423231640855e-05,20
2023-10-17,2023-10-17 13:45:00+00:00,49,175.65,325,3.1077088e-05,49
2023-10-17,2023-10-17 13:46:00+00:00,77,175.47,248,3.895719149483587e-05,77
2023-10-17,2023-10-17 13:47:00+00:00,33,175.51,215,2.5503468412567888e-05,33
2023-10-17,2023-10-17 13:48:00+00:00,89,175.29,126,4.188295169018039e-05,89
2023-10-17,2023-10-17 13:49:00+00:00,8,175.3,118,1.255703980818919e-05,8
2023-10-17,2023-10-17 13:50:00+00:00,10,175.25,108,1.4039197303640975e-05,10
2023-10-17,2023-10-17 13:51:00+00:00,10,175.23,98,1.4039197303640975e-05,10
2023-10-17,2023-10-17 13:52:00+00:00,77,175.13,21,3.895719149483587e-05,77
2023-10-17,2023-10-17 13:53:00+00:00,21,174.95,0,2.0344729734114827e-05,77
2023-10-24,2023-10-24 13:30:00+00:00,78,173.27,922,3.920934423397525e-05,78
2023-10-24,2023-10-24 13:31:00+00:00,79,173.31,843,3.945988572400361e-05,79
2023-10-24,2023-10-24 13:32:00+00:00,77,172.92,766,3.895719149483587e-05,77
2023-10-24,2023-10-24 13:33:00+00:00,71,172.59,695,3.74085997145974e-05,71
2023-10-24,2023-10-24 13:34:00+00:00,48,172.98,647,3.0758340209879466e-05,48
2023-10-24,2023-10-24 13:35:00+00:00,78,172.89,569,3.920934423397525e-05,78
2023-10-24,2023-10-24 13:36:00+00:00,89,172.76,480,4.188295169018039e-05,89
2023-10-24,2023-10-24 13:37:00+00:00,10,172.86,470,1.4039197303640975e-05,10
2023-10-24,2023-10-24 13:38:00+00:00,18,172.76,452,1.8835559712283782e-05,18
2023-10-24,2023-10-24 13:39:00+00:00,89,172.72,363,4.188295169018039e-05,89
2023-10-24,2023-10-24 13:40:00+00:00,45,172.95,318,2.978163484746128e-05,45
2023-10-24,2023-10-24 13:41:00+00:00,66,172.95,252,3.606735091660734e-05,66
2023-10-24,2023-10-24 13:42:00+00:00,10,172.87,242,1.4039197303640975e-05,10
2023-10-24,2023-10-24 13:43:00+00:00,40,172.85,202,2.807839460728195e-05,40
2023-10-24,2023-10-24 13:44:00+00:00,10,172.84,192,1.4039197303640975e-05,10
2023-10-24,2023-10-24 13:45:00+00:00,77,172.81,115,3.895719149483587e-05,77
2023-10-24,2023-10-24 13:46:00+00:00,46,172.59,69,3.0110723675803213e-05,46
2023-10-24,2023-10-24 13:47:00+00:00,45,172.76,24,2.978163484746128e-05,45
2023-10-24,2023-10-24 13:48:00+00:00,10,172.68,14,1.4039197303640975e-05,10
2023-10-24,2023-10-24 13:49:00+00:00,14,172.73,0,1.6611402267803402e-05,77
2023-10-27,2023-10-27 13:30:00+00:00,78,167.29,922,3.920934423397525e-05,78
2023-10-27,2023-10-27 13:31:00+00:00,77,167.54,845,3.895719149483587e-05,77
2023-10-27,2023-10-27 13:32:00+00:00,77,167.68,768,3.895719149483587e-05,77
2023-10-27,2023-10-27 13:33:00+00:00,77,168.0,691,3.895719149483587e-05,77
2023-10-27,2023-10-27 13:34:00+00:00,89,167.88,602,4.188295169018039e-05,89
2023-10-27,2023-10-27 13:35:00+00:00,33,167.74,569,2.5503468412567888e-05,33
2023-10-27,2023-10-27 13:36:00+00:00,33,167.84,536,2.5503468412567888e-05,33
2023-10-27,2023-10-27 13:37:00+00:00,48,167.77,488,3.0758340209879466e-05,48
2023-10-27,2023-10-27 13:38:00+00:00,13,167.87,475,1.600714775372952e-05,13
2023-10-27,2023-10-27 13:39:00+00:00,78,167.87,397,3.920934423397525e-05,78
2023-10-27,2023-10-27 13:40:00+00:00,13,167.45,384,1.600714775372952e-05,13
2023-10-27,2023-10-27 13:41:00+00:00,10,167.42,374,1.4039197303640975e-05,10
2023-10-27,2023-10-27 13:42:00+00:00,77,167.63,297,3.895719149483587e-05,77
2023-10-27,2023-10-27 13:43:00+00:00,89,167.88,208,4.188295169018039e-05,89
2023-10-27,2023-10-27 13:44:00+00:00,77,168.36,131,3.895719149483587e-05,77
2023-10-27,2023-10-27 13:45:00+00:00,45,168.42,86,2.978163484746128e-05,45
2023-10-27,2023-10-27 13:46:00+00:00,39,168.25,47,2.7725193193721555e-05,39
2023-10-27,2023-10-27 13:47:00+00:00,47,168.11,0,3.043625447346687e-05,56
2023-11-14,2023-11-14 13:30:00+00:00,49,186.8,951,3.1077088e-05,49
2023-11-14,2023-11-14 13:31:00+00:00,8,187.67,943,1.255703980818919e-05,8
2023-11-14,2023-11-14 13:32:00+00:00,10,187.71,933,1.4039197303640975e-05,10
2023-11-14,2023-11-14 13:33:00+00:00,33,187.46,900,2.5503468412567888e-05,33
2023-11-14,2023-11-14 13:34:00+00:00,10,187.21,890,1.4039197303640975e-05,10
2023-11-14,2023-11-14 13:35:00+00:00,33,187.15,857,2.5503468412567888e-05,33
2023-11-14,2023-11-14 13:36:00+00:00,28,187.22,829,2.349207037716276e-05,28
2023-11-14,2023-11-14 13:37:00+00:00,89,187.12,740,4.188295169018039e-05,89
2023-11-14,2023-11-14 13:38:00+00:00,10,187.1,730,1.4039197303640975e-05,10
2023-11-14,2023-11-14 13:39:00+00:00,13,187.15,717,1.600714775372952e-05,13
2023-11-14,2023-11-14 13:40:00+00:00,40,187.33,677,2.807839460728195e-05,40
2023-11-14,2023-11-14 13:41:00+00:00,10,187.67,667,1.4039197303640975e-05,10
2023-11-14,2023-11-14 13:42:00+00:00,40,187.71,627,2.807839460728195e-05,40
2023-11-14,2023-11-14 13:43:00+00:00,40,187.55,587,2.807839460728195e-05,40
2023-11-14,2023-11-14 13:44:00+00:00,40,187.67,547,2.807839460728195e-05,40
2023-11-14,2023-11-14 13:45:00+00:00,77,187.66,470,3.895719149483587e-05,77
2023-11-14,2023-11-14 13:46:00+00:00,89,187.55,381,4.188295169018039e-05,89
2023-11-14,2023-11-14 13:47:00+00:00,10,187.56,371,1.4039197303640975e-05,10
2023-11-14,2023-11-14 13:48:00+00:00,40,187.6,331,2.807839460728195e-05,40
2023-11-14,2023-11-14 13:49:00+00:00,10,187.63,321,1.4039197303640975e-05,10
2023-11-14,2023-11-14 13:50:00+00:00,40,187.7,281,2.807839460728195e-05,40
2023-11-14,2023-11-14 13:51:00+00:00,69,187.85,212,3.687795439582928e-05,69
2023-11-14,2023-11-14 13:52:00+00:00,40,187.85,172,2.807839460728195e-05,40
2023-11-14,2023-11-14 13:53:00+00:00,89,188.04,83,4.188295169018039e-05,89
2023-11-14,2023-11-14 13:54:00+00:00,50,188.1,33,3.139259952047298e-05,50
2023-11-14,2023-11-14 13:55:00+00:00,10,187.81,23,1.4039197303640975e-05,10
2023-11-14,2023-11-14 13:56:00+00:00,23,187.77,0,2.1291496897594777e-05,40
2023-11-15,2023-11-15 13:30:00+00:00,46,188.84,954,3.0110723675803213e-05,46
2023-11-15,2023-11-15 13:31:00+00:00,36,188.49,918,2.6637504e-05,36
2023-11-15,2023-11-15 13:32:00+00:00,52,188.2,866,3.201429550745904e-05,52
2023-11-15,2023-11-15 13:33:00+00:00,18,188.15,848,1.8835559712283782e-05,18
2023-11-15,2023-11-15 13:34:00+00:00,76,188.1,772,3.870339601472016e-05,76
2023-11-15,2023-11-15 13:35:00+00:00,7,188.16,765,1.174603518858138e-05,7
2023-11-15,2023-11-15 13:36:00+00:00,33,188.13,732,2.5503468412567888e-05,33
2023-11-15,2023-11-15 13:37:00+00:00,45,187.9,687,2.978163484746128e-05,45
2023-11-15,2023-11-15 13:38:00+00:00,40,187.75,647,2.807839460728195e-05,40
2023-11-15,2023-11-15 13:39:00+00:00,89,187.77,558,4.188295169018039e-05,89
2023-11-15,2023-11-15 13:40:00+00:00,40,187.9,518,2.807839460728195e-05,40
2023-11-15,2023-11-15 13:41:00+00:00,10,187.88,508,1.4039197303640975e-05,10
2023-11-15,2023-11-15 13:42:00+00:00,7,187.86,501,1.174603518858138e-05,7
2023-11-15,2023-11-15 13:43:00+00:00,40,187.83,461,2.807839460728195e-05,40
2023-11-15,2023-11-15 13:44:00+00:00,10,187.69,451,1.4039197303640975e-05,10
2023-11-15,2023-11-15 13:45:00+00:00,60,187.7,391,3.438886979217782e-05,60
2023-11-15,2023-11-15 13:46:00+00:00,10,187.68,381,1.4039197303640975e-05,10
2023-11-15,2023-11-15 13:47:00+00:00,12,187.78,369,1.5379170104939733e-05,12
2023-11-15,2023-11-15 13:48:00+00:00,10,187.83,359,1.4039197303640975e-05,10
2023-11-15,2023-11-15 13:49:00+00:00,49,187.9,310,3.1077088e-05,49
2023-11-15,2023-11-15 13:50:00+00:00,36,187.92,274,2.6637504e-05,36
2023-11-15,2023-11-15 13:51:00+00:00,40,187.92,234,2.807839460728195e-05,40
2023-11-15,2023-11-15 13:52:00+00:00,10,187.86,224,1.4039197303640975e-05,10
2023-11-15,2023-11-15 13:53:00+00:00,40,187.82,184,2.807839460728195e-05,40
2023-11-15,2023-11-15 13:54:00+00:00,40,187.86,144,2.807839460728195e-05,40
2023-11-15,2023-11-15 13:55:00+00:00,22,187.86,122,2.0823494760659942e-05,22
2023-11-15,2023-11-15 13:56:00+00:00,10,187.84,112,1.4039197303640975e-05,10
2023-11-15,2023-11-15 13:58:00+00:00,89,187.87,23,4.188295169018039e-05,89
2023-11-15,2023-11-15 13:59:00+00:00,23,187.84,0,2.1291496897594777e-05,72
2023-11-29,2023-11-29 13:30:00+00:00,61,190.9,939,3.4674259497160366e-05,61
2023-11-29,2023-11-29 13:31:00+00:00,7,190.93,932,1.174603518858138e-05,7
2023-11-29,2023-11-29 13:32:00+00:00,36,190.93,896,2.6637504e-05,36
2023-11-29,2023-11-29 13:33:00+00:00,50,190.91,846,3.139259952047298e-05,50
2023-11-29,2023-11-29 13:34:00+00:00,36,190.8,810,2.6637504e-05,36
2023-11-29,2023-11-29 13:35:00+00:00,36,190.75,774,2.6637504e-05,36
2023-11-29,2023-11-29 13:36:00+00:00,55,190.72,719,3.292483614413411e-05,55
2023-11-29,2023-11-29 13:37:00+00:00,8,190.72,711,1.255703980818919e-05,8
2023-11-29,2023-11-29 13:38:00+00:00,46,190.67,665,3.0110723675803213e-05,46
2023-11-29,2023-11-29 13:39:00+00:00,40,190.7,625,2.807839460728195e-05,40
2023-11-29,2023-11-29 13:40:00+00:00,33,190.69,592,2.5503468412567888e-05,33
2023-11-29,2023-11-29 13:41:00+00:00,69,190.76,523,3.687795439582928e-05,69
2023-11-29,2023-11-29 13:42:00+00:00,73,190.8,450,3.7931822323651786e-05,73
2023-11-29,2023-11-29 13:43:00+00:00,45,190.71,405,2.978163484746128e-05,45
2023-11-29,2023-11-29 13:44:00+00:00,40,190.74,365,2.807839460728195e-05,40
2023-11-29,2023-11-29 13:45:00+00:00,10,190.75,355,1.4039197303640975e-05,10
2023-11-29,2023-11-29 13:46:00+00:00,89,190.8,266,4.188295169018039e-05,89
2023-11-29,2023-11-29 13:47:00+00:00,10,190.8,256,1.4039197303640975e-05,10
2023-11-29,2023-11-29 13:49:00+00:00,35,190.78,221,2.6264933147772528e-05,35
2023-11-29,2023-11-29 13:50:00+00:00,36,190.75,185,2.6637504e-05,36
2023-11-29,2023-11-29 13:51:00+00:00,36,190.78,149,2.6637504e-05,36
2023-11-29,2023-11-29 13:52:00+00:00,40,190.77,109,2.807839460728195e-05,40
2023-11-29,2023-11-29 13:53:00+00:00,7,190.77,102,1.174603518858138e-05,7
2023-11-29,2023-11-29 13:56:00+00:00,40,190.73,62,2.807839460728195e-05,40
2023-11-29,2023-11-29 13:57:00+00:00,40,190.78,22,2.807839460728195e-05,40
2023-11-29,2023-11-29 13:58:00+00:00,10,190.78,12,1.4039197303640975e-05,10
2023-11-29,2023-11-29 13:59:00+00:00,12,190.7,0,1.5379170104939733e-05,72
2023-12-06,2023-12-06 13:30:00+00:00,36,193.74,964,2.6637504e-05,36
2023-12-06,2023-12-06 13:31:00+00:00,40,193.8,924,2.807839460728195e-05,40
2023-12-06,2023-12-06 13:32:00+00:00,89,193.89,835,4.188295169018039e-05,89
2023-12-06,2023-12-06 13:33:00+00:00,60,193.96,775,3.438886979217782e-05,60
2023-12-06,2023-12-06 13:34:00+00:00,45,194.0,730,2.978163484746128e-05,45
2023-12-06,2023-12-06 13:35:00+00:00,18,193.9,712,1.8835559712283782e-05,18
2023-12-06,2023-12-06 13:36:00+00:00,36,193.87,676,2.6637504e-05,36
2023-12-06,2023-12-06 13:37:00+00:00,36,193.84,640,2.6637504e-05,36
2023-12-06,2023-12-06 13:38:00+00:00,10,193.84,630,1.4039197303640975e-05,10
2023-12-06,2023-12-06 13:39:00+00:00,7,193.93,623,1.174603518858138e-05,7
2023-12-06,2023-12-06 13:40:00+00:00,10,193.92,613,1.4039197303640975e-05,10
2023-12-06,2023-12-06 13:41:00+00:00,10,193.93,603,1.4039197303640975e-05,10
2023-12-06,2023-12-06 13:42:00+00:00,36,193.93,567,2.6637504e-05,36
2023-12-06,2023-12-06 13:43:00+00:00,10,193.93,557,1.4039197303640975e-05,10
2023-12-06,2023-12-06 13:44:00+00:00,82,194.0,475,4.020214297311267e-05,82
2023-12-06,2023-12-06 13:45:00+00:00,24,193.95,451,2.1749430940448624e-05,24
2023-12-06,2023-12-06 13:46:00+00:00,13,193.91,438,1.600714775372952e-05,13
2023-12-06,2023-12-06 13:47:00+00:00,10,193.92,428,1.4039197303640975e-05,10
2023-12-06,2023-12-06 13:48:00+00:00,55,193.91,373,3.292483614413411e-05,55
2023-12-06,2023-12-06 13:49:00+00:00,60,193.91,313,3.438886979217782e-05,60
2023-12-06,2023-12-06 13:50:00+00:00,7,193.88,306,1.174603518858138e-05,7
2023-12-06,2023-12-06 13:51:00+00:00,61,193.94,245,3.4674259497160366e-05,61
2023-12-06,2023-12-06 13:52:00+00:00,10,193.91,235,1.4039197303640975e-05,10
2023-12-06,2023-12-06 13:53:00+00:00,36,193.96,199,2.6637504e-05,36
2023-12-06,2023-12-06 13:54:00+00:00,61,193.91,138,3.4674259497160366e-05,61
2023-12-06,2023-12-06 13:55:00+00:00,10,193.94,128,1.4039197303640975e-05,10
2023-12-06,2023-12-06 13:56:00+00:00,8,193.98,120,1.255703980818919e-05,8
2023-12-06,2023-12-06 13:57:00+00:00,18,194.0,102,1.8835559712283782e-05,18
2023-12-06,2023-12-06 13:58:00+00:00,77,194.02,25,3.895719149483587e-05,77
2023-12-06,2023-12-06 13:59:00+00:00,25,194.04,0,2.219792e-05,36
2023-12-14,2023-12-14 13:30:00+00:00,13,198.08,987,1.600714775372952e-05,13
2023-12-14,2023-12-14 13:31:00+00:00,10,198.06,977,1.4039197303640975e-05,10
2023-12-14,2023-12-14 13:32:00+00:00,10,197.97,967,1.4039197303640975e-05,10
2023-12-14,2023-12-14 13:33:00+00:00,7,197.94,960,1.174603518858138e-05,7
2023-12-14,2023-12-14 13:34:00+00:00,7,198.01,953,1.174603518858138e-05,7
2023-12-14,2023-12-14 13:35:00+00:00,45,198.03,908,2.978163484746128e-05,45
2023-12-14,2023-12-14 13:36:00+00:00,46,198.04,862,3.0110723675803213e-05,46
2023-12-14,2023-12-14 13:37:00+00:00,10,198.05,852,1.4039197303640975e-05,10
2023-12-14,2023-12-14 13:38:00+00:00,7,198.05,845,1.174603518858138e-05,7
2023-12-14,2023-12-14 13:39:00+00:00,10,198.05,835,1.4039197303640975e-05,10
2023-12-14,2023-12-14 13:40:00+00:00,10,198.06,825,1.4039197303640975e-05,10
2023-12-14,2023-12-14 13:41:00+00:00,89,198.04,736,4.188295169018039e-05,89
2023-12-14,2023-12-14 13:42:00+00:00,36,198.06,700,2.6637504e-05,36
2023-12-14,2023-12-14 13:43:00+00:00,10,198.08,690,1.4039197303640975e-05,10
2023-12-14,2023-12-14 13:44:00+00:00,36,198.07,654,2.6637504e-05,36
2023-12-14,2023-12-14 13:45:00+00:00,7,198.05,647,1.174603518858138e-05,7
2023-12-14,2023-12-14 13:46:00+00:00,36,198.05,611,2.6637504e-05,36
2023-12-14,2023-12-14 13:47:00+00:00,36,198.07,575,2.6637504e-05,36
2023-12-14,2023-12-14 13:48:00+00:00,46,198.06,529,3.0110723675803213e-05,46
2023-12-14,2023-12-14 13:49:00+00:00,36,198.08,493,2.6637504e-05,36
2023-12-14,2023-12-14 13:51:00+00:00,72,198.05,421,3.7671119424567565e-05,72
2023-12-14,2023-12-14 13:52:00+00:00,20,198.07,401,1.9854423231640855e-05,20
2023-12-14,2023-12-14 13:53:00+00:00,36,198.1,365,2.6637504e-05,36
2023-12-14,2023-12-14 13:54:00+00:00,40,198.18,325,2.807839460728195e-05,40
2023-12-14,2023-12-14 13:55:00+00:00,10,198.21,315,1.4039197303640975e-05,10
2023-12-14,2023-12-14 13:56:00+00:00,18,198.2,297,1.8835559712283782e-05,18
2023-12-14,2023-12-14 13:57:00+00:00,46,198.23,251,3.0110723675803213e-05,46
2023-12-14,2023-12-14 13:58:00+00:00,10,198.29,241,1.4039197303640975e-05,10
2023-12-14,2023-12-14 13:59:00+00:00,36,198.27,205,2.6637504e-05,36
2023-12-14,2023-12-14 14:00:00+00:00,13,198.26,192,1.600714775372952e-05,13
2023-12-14,2023-12-14 14:01:00+00:00,89,198.18,103,4.188295169018039e-05,89
2023-12-14,2023-12-14 14:02:00+00:00,61,198.17,42,3.4674259497160366e-05,61
2023-12-14,2023-12-14 14:03:00+00:00,10,198.17,32,1.4039197303640975e-05,10
2023-12-14,2023-12-14 14:04:00+00:00,32,198.18,0,2.511407961637838e-05,73
2023-12-15,2023-12-15 13:30:00+00:00,10,198.11,990,1.4039197303640975e-05,10
2023-12-15,2023-12-15 13:31:00+00:00,40,198.07,950,2.807839460728195e-05,40
2023-12-15,2023-12-15 13:32:00+00:00,45,198.03,905,2.978163484746128e-05,45
2023-12-15,2023-12-15 13:33:00+00:00,10,197.95,895,1.4039197303640975e-05,10
2023-12-15,2023-12-15 13:34:00+00:00,10,197.9,885,1.4039197303640975e-05,10
2023-12-15,2023-12-15 13:35:00+00:00,10,197.95,875,1.4039197303640975e-05,10
2023-12-15,2023-12-15 13:36:00+00:00,58,197.95,817,3.3810864428423715e-05,58
2023-12-15,2023-12-15 13:37:00+00:00,40,197.96,777,2.807839460728195e-05,40
2023-12-15,2023-12-15 13:38:00+00:00,40,198.08,737,2.807839460728195e-05,40
2023-12-15,2023-12-15 13:39:00+00:00,40,198.08,697,2.807839460728195e-05,40
2023-12-15,2023-12-15 13:40:00+00:00,46,198.11,651,3.0110723675803213e-05,46
2023-12-15,2023-12-15 13:41:00+00:00,36,198.13,615,2.6637504e-05,36
2023-12-15,2023-12-15 13:42:00+00:00,40,198.05,575,2.807839460728195e-05,40
2023-12-15,2023-12-15 13:43:00+00:00,10,198.04,565,1.4039197303640975e-05,10
2023-12-15,2023-12-15 13:44:00+00:00,10,198.14,555,1.4039197303640975e-05,10
2023-12-15,2023-12-15 13:45:00+00:00,36,198.18,519,2.6637504e-05,36
2023-12-15,2023-12-15 13:46:00+00:00,77,198.25,442,3.895719149483587e-05,77
2023-12-15,2023-12-15 13:47:00+00:00,10,198.28,432,1.4039197303640975e-05,10
2023-12-15,2023-12-15 13:48:00+00:00,40,198.26,392,2.807839460728195e-05,40
2023-12-15,2023-12-15 13:49:00+00:00,40,198.21,352,2.807839460728195e-05,40
2023-12-15,2023-12-15 13:50:00+00:00,33,198.22,319,2.5503468412567888e-05,33
2023-12-15,2023-12-15 13:51:00+00:00,89,198.18,230,4.188295169018039e-05,89
2023-12-15,2023-12-15 13:53:00+00:00,36,198.14,194,2.6637504e-05,36
2023-12-15,2023-12-15 13:54:00+00:00,10,198.15,184,1.4039197303640975e-05,10
2023-12-15,2023-12-15 13:55:00+00:00,40,198.16,144,2.807839460728195e-05,40
2023-12-15,2023-12-15 13:56:00+00:00,52,198.17,92,3.201429550745904e-05,52
2023-12-15,2023-12-15 13:57:00+00:00,89,198.15,3,4.188295169018039e-05,89
2023-12-15,2023-12-15 13:58:00+00:00,3,198.16,0,7.689585052469867e-06,89
2023-12-18,2023-12-18 13:30:00+00:00,46,196.36,954,3.0110723675803213e-05,46
2023-12-18,2023-12-18 13:31:00+00:00,7,196.4,947,1.174603518858138e-05,7
2023-12-18,2023-12-18 13:32:00+00:00,45,196.39,902,2.978163484746128e-05,45
2023-12-18,2023-12-18 13:33:00+00:00,20,196.42,882,1.9854423231640855e-05,20
2023-12-18,2023-12-18 13:34:00+00:00,18,196.4,864,1.8835559712283782e-05,18
2023-12-18,2023-12-18 13:35:00+00:00,7,196.4,857,1.174603518858138e-05,7
2023-12-18,2023-12-18 13:36:00+00:00,10,196.4,847,1.4039197303640975e-05,10
2023-12-18,2023-12-18 13:37:00+00:00,89,196.36,758,4.188295169018039e-05,89
2023-12-18,2023-12-18 13:38:00+00:00,72,196.26,686,3.7671119424567565e-05,72
2023-12-18,2023-12-18 13:39:00+00:00,50,196.28,636,3.139259952047298e-05,50
2023-12-18,2023-12-18 13:40:00+00:00,7,196.18,629,1.174603518858138e-05,7
2023-12-18,2023-12-18 13:41:00+00:00,46,196.16,583,3.0110723675803213e-05,46
2023-12-18,2023-12-18 13:42:00+00:00,40,196.18,543,2.807839460728195e-05,40
2023-12-18,2023-12-18 13:43:00+00:00,40,196.22,503,2.807839460728195e-05,40
2023-12-18,2023-12-18 13:44:00+00:00,75,196.19,428,3.8447925262349336e-05,75
2023-12-18,2023-12-18 13:45:00+00:00,10,196.11,418,1.4039197303640975e-05,10
2023-12-18,2023-12-18 13:46:00+00:00,40,196.18,378,2.807839460728195e-05,40
2023-12-18,2023-12-18 13:47:00+00:00,64,196.21,314,3.5516672e-05,64
2023-12-18,2023-12-18 13:49:00+00:00,18,196.21,296,1.8835559712283782e-05,18
2023-12-18,2023-12-18 13:50:00+00:00,91,196.2,205,4.2350932155834495e-05,91
2023-12-18,2023-12-18 13:51:00+00:00,33,196.2,172,2.5503468412567888e-05,33
2023-12-18,2023-12-18 13:52:00+00:00,40,196.17,132,2.807839460728195e-05,40
2023-12-18,2023-12-18 13:53:00+00:00,36,196.21,96,2.6637504e-05,36
2023-12-18,2023-12-18 13:54:00+00:00,10,196.22,86,1.4039197303640975e-05,10
2023-12-18,2023-12-18 13:55:00+00:00,76,196.21,10,3.870339601472016e-05,76
2023-12-18,2023-12-18 13:56:00+00:00,7,196.17,3,1.174603518858138e-05,7
2023-12-18,2023-12-18 13:57:00+00:00,3,196.19,0,7.689585052469867e-06,10
2023-12-26,2023-12-26 13:30:00+00:00,36,193.71,964,2.6637504e-05,36
2023-12-26,2023-12-26 13:31:00+00:00,10,193.71,954,1.4039197303640975e-05,10
2023-12-26,2023-12-26 13:32:00+00:00,60,193.67,894,3.438886979217782e-05,60
2023-12-26,2023-12-26 13:33:00+00:00,40,193.64,854,2.807839460728195e-05,40
2023-12-26,2023-12-26 13:34:00+00:00,7,193.59,847,1.174603518858138e-05,7
2023-12-26,2023-12-26 13:35:00+00:00,36,193.56,811,2.6637504e-05,36
2023-12-26,2023-12-26 13:36:00+00:00,36,193.53,775,2.6637504e-05,36
2023-12-26,2023-12-26 13:37:00+00:00,44,193.51,731,2.9448868706530376e-05,44
2023-12-26,2023-12-26 13:38:00+00:00,36,193.49,695,2.6637504e-05,36
2023-12-26,2023-12-26 13:39:00+00:00,36,193.49,659,2.6637504e-05,36
2023-12-26,2023-12-26 13:40:00+00:00,61,193.48,598,3.4674259497160366e-05,61
2023-12-26,2023-12-26 13:41:00+00:00,20,193.5,578,1.9854423231640855e-05,20
2023-12-26,2023-12-26 13:42:00+00:00,7,193.46,571,1.174603518858138e-05,7
2023-12-26,2023-12-26 13:43:00+00:00,10,193.43,561,1.4039197303640975e-05,10
2023-12-26,2023-12-26 13:44:00+00:00,13,193.37,548,1.600714775372952e-05,13
2023-12-26,2023-12-26 13:45:00+00:00,20,193.35,528,1.9854423231640855e-05,20
2023-12-26,2023-12-26 13:46:00+00:00,82,193.38,446,4.020214297311267e-05,82
2023-12-26,2023-12-26 13:47:00+00:00,10,193.38,436,1.4039197303640975e-05,10
2023-12-26,2023-12-26 13:48:00+00:00,10,193.37,426,1.4039197303640975e-05,10
2023-12-26,2023-12-26 13:49:00+00:00,55,193.36,371,3.292483614413411e-05,55
2023-12-26,2023-12-26 13:50:00+00:00,40,193.4,331,2.807839460728195e-05,40
2023-12-26,2023-12-26 13:51:00+00:00,10,193.45,321,1.4039197303640975e-05,10
2023-12-26,2023-12-26 13:52:00+00:00,10,193.43,311,1.4039197303640975e-05,10
2023-12-26,2023-12-26 13:53:00+00:00,10,193.43,301,1.4039197303640975e-05,10
2023-12-26,2023-12-26 13:54:00+00:00,89,193.39,212,4.188295169018039e-05,89
2023-12-26,2023-12-26 13:55:00+00:00,10,193.46,202,1.4039197303640975e-05,10
2023-12-26,2023-12-26 13:56:00+00:00,10,193.49,192,1.4039197303640975e-05,10
2023-12-26,2023-12-26 13:57:00+00:00,46,193.5,146,3.0110723675803213e-05,46
2023-12-26,2023-12-26 13:58:00+00:00,18,193.49,128,1.8835559712283782e-05,18
2023-12-26,2023-12-26 13:59:00+00:00,45,193.52,83,2.978163484746128e-05,45
2023-12-26,2023-12-26 14:00:00+00:00,36,193.5,47,2.6637504e-05,36
2023-12-26,2023-12-26 14:01:00+00:00,40,193.51,7,2.807839460728195e-05,40
2023-12-26,2023-12-26 14:02:00+00:00,7,193.52,0,1.174603518858138e-05,72
2023-12-28,2023-12-28 13:30:00+00:00,40,193.67,960,2.807839460728195e-05,40
2023-12-28,2023-12-28 13:31:00+00:00,7,193.66,953,1.174603518858138e-05,7
2023-12-28,2023-12-28 13:32:00+00:00,61,193.66,892,3.4674259497160366e-05,61
2023-12-28,2023-12-28 13:33:00+00:00,7,193.65,885,1.174603518858138e-05,7
2023-12-28,2023-12-28 13:34:00+00:00,7,193.65,878,1.174603518858138e-05,7
2023-12-28,2023-12-28 13:35:00+00:00,20,193.67,858,1.9854423231640855e-05,20
2023-12-28,2023-12-28 13:36:00+00:00,7,193.68,851,1.174603518858138e-05,7
2023-12-28,2023-12-28 13:37:00+00:00,7,193.68,844,1.174603518858138e-05,7
2023-12-28,2023-12-28 13:38:00+00:00,72,193.67,772,3.7671119424567565e-05,72
2023-12-28,2023-12-28 13:39:00+00:00,18,193.64,754,1.8835559712283782e-05,18
2023-12-28,2023-12-28 13:40:00+00:00,40,193.62,714,2.807839460728195e-05,40
2023-12-28,2023-12-28 13:41:00+00:00,60,193.63,654,3.438886979217782e-05,60
2023-12-28,2023-12-28 13:42:00+00:00,40,193.65,614,2.807839460728195e-05,40
2023-12-28,2023-12-28 13:43:00+00:00,40,193.67,574,2.807839460728195e-05,40
2023-12-28,2023-12-28 13:45:00+00:00,60,193.69,514,3.438886979217782e-05,60
2023-12-28,2023-12-28 13:48:00+00:00,89,193.7,425,4.188295169018039e-05,89
2023-12-28,2023-12-28 13:49:00+00:00,45,193.7,380,2.978163484746128e-05,45
2023-12-28,2023-12-28 13:50:00+00:00,10,193.69,370,1.4039197303640975e-05,10
2023-12-28,2023-12-28 13:52:00+00:00,10,193.66,360,1.4039197303640975e-05,10
2023-12-28,2023-12-28 13:55:00+00:00,40,193.66,320,2.807839460728195e-05,40
2023-12-28,2023-12-28 13:56:00+00:00,36,193.67,284,2.6637504e-05,36
2023-12-28,2023-12-28 13:57:00+00:00,36,193.69,248,2.6637504e-05,36
2023-12-28,2023-12-28 13:58:00+00:00,10,193.68,238,1.4039197303640975e-05,10
2023-12-28,2023-12-28 13:59:00+00:00,8,193.67,230,1.255703980818919e-05,8
2023-12-28,2023-12-28 14:00:00+00:00,33,193.63,197,2.5503468412567888e-05,33
2023-12-28,2023-12-28 14:01:00+00:00,7,193.59,190,1.174603518858138e-05,7
2023-12-28,2023-12-28 14:02:00+00:00,7,193.54,183,1.174603518858138e-05,7
2023-12-28,2023-12-28 14:03:00+00:00,7,193.54,176,1.174603518858138e-05,7
2023-12-28,2023-12-28 14:05:00+00:00,36,193.51,140,2.6637504e-05,36
2023-12-28,2023-12-28 14:06:00+00:00,46,193.51,94,3.0110723675803213e-05,46
2023-12-28,2023-12-28 14:07:00+00:00,40,193.52,54,2.807839460728195e-05,40
2023-12-28,2023-12-28 14:08:00+00:00,10,193.5,44,1.4039197303640975e-05,10
2023-12-28,2023-12-28 14:09:00+00:00,44,193.49,0,2.9448868706530376e-05,82
2024-01-11,2024-01-11 13:30:00+00:00,40,187.05,960,2.807839460728195e-05,40
2024-01-11,2024-01-11 13:31:00+00:00,50,186.15,910,3.139259952047298e-05,50
2024-01-11,2024-01-11 13:32:00+00:00,7,186.01,903,1.174603518858138e-05,7
2024-01-11,2024-01-11 13:33:00+00:00,72,186.22,831,3.7671119424567565e-05,72
2024-01-11,2024-01-11 13:34:00+00:00,89,186.39,742,4.188295169018039e-05,89
2024-01-11,2024-01-11 13:35:00+00:00,61,186.45,681,3.4674259497160366e-05,61
2024-01-11,2024-01-11 13:36:00+00:00,36,186.49,645,2.6637504e-05,36
2024-01-11,2024-01-11 13:37:00+00:00,10,186.46,635,1.4039197303640975e-05,10
2024-01-11,2024-01-11 13:38:00+00:00,7,186.32,628,1.174603518858138e-05,7
2024-01-11,2024-01-11 13:39:00+00:00,60,186.27,568,3.438886979217782e-05,60
2024-01-11,2024-01-11 13:40:00+00:00,36,186.16,532,2.6637504e-05,36
2024-01-11,2024-01-11 13:41:00+00:00,28,186.0,504,2.349207037716276e-05,28
2024-01-11,2024-01-11 13:42:00+00:00,25,186.18,479,2.219792e-05,25
2024-01-11,2024-01-11 13:43:00+00:00,55,186.25,424,3.292483614413411e-05,55
2024-01-11,2024-01-11 13:44:00+00:00,7,186.1,417,1.174603518858138e-05,7
2024-01-11,2024-01-11 13:45:00+00:00,10,186.18,407,1.4039197303640975e-05,10
2024-01-11,2024-01-11 13:46:00+00:00,40,186.17,367,2.807839460728195e-05,40
2024-01-11,2024-01-11 13:47:00+00:00,72,186.2,295,3.7671119424567565e-05,72
2024-01-11,2024-01-11 13:48:00+00:00,7,186.18,288,1.174603518858138e-05,7
2024-01-11,2024-01-11 13:49:00+00:00,40,186.18,248,2.807839460728195e-05,40
2024-01-11,2024-01-11 13:50:00+00:00,30,185.98,218,2.4316603027390154e-05,30
2024-01-11,2024-01-11 13:51:00+00:00,13,186.04,205,1.600714775372952e-05,13
2024-01-11,2024-01-11 13:52:00+00:00,7,186.03,198,1.174603518858138e-05,7
2024-01-11,2024-01-11 13:53:00+00:00,61,185.95,137,3.4674259497160366e-05,61
2024-01-11,2024-01-11 13:54:00+00:00,7,185.92,130,1.174603518858138e-05,7
2024-01-11,2024-01-11 13:55:00+00:00,10,185.91,120,1.4039197303640975e-05,10
2024-01-11,2024-01-11 13:56:00+00:00,36,185.92,84,2.6637504e-05,36
2024-01-11,2024-01-11 13:57:00+00:00,73,185.88,11,3.7931822323651786e-05,73
2024-01-11,2024-01-11 13:58:00+00:00,10,185.72,1,1.4039197303640975e-05,10
2024-01-11,2024-01-11 13:59:00+00:00,1,185.67,0,4.439584e-06,10
2024-01-22,2024-01-22 13:30:00+00:00,45,192.41,955,2.978163484746128e-05,45
2024-01-22,2024-01-22 13:31:00+00:00,7,192.41,948,1.174603518858138e-05,7
2024-01-22,2024-01-22 13:32:00+00:00,10,192.31,938,1.4039197303640975e-05,10
2024-01-22,2024-01-22 13:33:00+00:00,25,192.15,913,2.219792e-05,25
2024-01-22,2024-01-22 13:34:00+00:00,10,192.2,903,1.4039197303640975e-05,10
2024-01-22,2024-01-22 13:35:00+00:00,73,192.22,830,3.7931822323651786e-05,73
2024-01-22,2024-01-22 13:36:00+00:00,40,192.22,790,2.807839460728195e-05,40
2024-01-22,2024-01-22 13:37:00+00:00,72,192.15,718,3.7671119424567565e-05,72
2024-01-22,2024-01-22 13:38:00+00:00,20,192.15,698,1.9854423231640855e-05,20
2024-01-22,2024-01-22 13:39:00+00:00,7,192.15,691,1.174603518858138e-05,7
2024-01-22,2024-01-22 13:40:00+00:00,8,192.08,683,1.255703980818919e-05,8
2024-01-22,2024-01-22 13:41:00+00:00,20,192.1,663,1.9854423231640855e-05,20
2024-01-22,2024-01-22 13:42:00+00:00,10,192.06,653,1.4039197303640975e-05,10
2024-01-22,2024-01-22 13:43:00+00:00,10,192.05,643,1.4039197303640975e-05,10
2024-01-22,2024-01-22 13:44:00+00:00,7,192.04,636,1.174603518858138e-05,7
2024-01-22,2024-01-22 13:45:00+00:00,10,192.03,626,1.4039197303640975e-05,10
2024-01-22,2024-01-22 13:46:00+00:00,10,192.04,616,1.4039197303640975e-05,10
2024-01-22,2024-01-22 13:47:00+00:00,33,192.1,583,2.5503468412567888e-05,33
2024-01-22,2024-01-22 13:48:00+00:00,75,192.16,508,3.8447925262349336e-05,75
2024-01-22,2024-01-22 13:49:00+00:00,10,192.21,498,1.4039197303640975e-05,10
2024-01-22,2024-01-22 13:50:00+00:00,36,192.24,462,2.6637504e-05,36
2024-01-22,2024-01-22 13:51:00+00:00,13,192.28,449,1.600714775372952e-05,13
2024-01-22,2024-01-22 13:52:00+00:00,33,192.26,416,2.5503468412567888e-05,33
2024-01-22,2024-01-22 13:53:00+00:00,10,192.2,406,1.4039197303640975e-05,10
2024-01-22,2024-01-22 13:54:00+00:00,10,192.15,396,1.4039197303640975e-05,10
2024-01-22,2024-01-22 13:55:00+00:00,24,192.15,372,2.1749430940448624e-05,24
2024-01-22,2024-01-22 13:56:00+00:00,10,192.16,362,1.4039197303640975e-05,10
2024-01-22,2024-01-22 13:57:00+00:00,36,192.13,326,2.6637504e-05,36
2024-01-22,2024-01-22 13:58:00+00:00,64,192.13,262,3.5516672e-05,64
2024-01-22,2024-01-22 13:59:00+00:00,36,192.17,226,2.6637504e-05,36
2024-01-22,2024-01-22 14:00:00+00:00,52,192.17,174,3.201429550745904e-05,52
2024-01-22,2024-01-22 14:01:00+00:00,64,192.11,110,3.5516672e-05,64
2024-01-22,2024-01-22 14:02:00+00:00,64,192.12,46,3.5516672e-05,64
2024-01-22,2024-01-22 14:03:00+00:00,10,192.11,36,1.4039197303640975e-05,10
2024-01-22,2024-01-22 14:04:00+00:00,36,192.02,0,2.6637504e-05,55
2024-01-24,2024-01-24 13:30:00+00:00,55,195.43,945,3.292483614413411e-05,55
2024-01-24,2024-01-24 13:31:00+00:00,36,195.41,909,2.6637504e-05,36
2024-01-24,2024-01-24 13:32:00+00:00,49,195.44,860,3.1077088e-05,49
2024-01-24,2024-01-24 13:33:00+00:00,89,195.45,771,4.188295169018039e-05,89
2024-01-24,2024-01-24 13:35:00+00:00,89,195.45,682,4.188295169018039e-05,89
2024-01-24,2024-01-24 13:36:00+00:00,10,195.42,672,1.4039197303640975e-05,10
2024-01-24,2024-01-24 13:37:00+00:00,7,195.37,665,1.174603518858138e-05,7
2024-01-24,2024-01-24 13:38:00+00:00,7,195.34,658,1.174603518858138e-05,7
2024-01-24,2024-01-24 13:39:00+00:00,10,195.35,648,1.4039197303640975e-05,10
2024-01-24,2024-01-24 13:40:00+00:00,13,195.29,635,1.600714775372952e-05,13
2024-01-24,2024-01-24 13:42:00+00:00,7,195.26,628,1.174603518858138e-05,7
2024-01-24,2024-01-24 13:43:00+00:00,60,195.26,568,3.438886979217782e-05,60
2024-01-24,2024-01-24 13:44:00+00:00,89,195.26,479,4.188295169018039e-05,89
2024-01-24,2024-01-24 13:45:00+00:00,10,195.27,469,1.4039197303640975e-05,10
2024-01-24,2024-01-24 13:46:00+00:00,46,195.26,423,3.0110723675803213e-05,46
2024-01-24,2024-01-24 13:47:00+00:00,61,195.28,362,3.4674259497160366e-05,61
2024-01-24,2024-01-24 13:49:00+00:00,40,195.29,322,2.807839460728195e-05,40
2024-01-24,2024-01-24 13:50:00+00:00,73,195.28,249,3.7931822323651786e-05,73
2024-01-24,2024-01-24 13:51:00+00:00,10,195.28,239,1.4039197303640975e-05,10
2024-01-24,2024-01-24 13:52:00+00:00,89,195.32,150,4.188295169018039e-05,89
2024-01-24,2024-01-24 13:53:00+00:00,36,195.29,114,2.6637504e-05,36
2024-01-24,2024-01-24 13:54:00+00:00,40,195.3,74,2.807839460728195e-05,40
2024-01-24,2024-01-24 13:55:00+00:00,10,195.31,64,1.4039197303640975e-05,10
2024-01-24,2024-01-24 13:56:00+00:00,40,195.3,24,2.807839460728195e-05,40
2024-01-24,2024-01-24 13:58:00+00:00,24,195.42,0,2.1749430940448624e-05,36
2024-02-06,2024-02-06 13:30:00+00:00,60,187.7,940,3.438886979217782e-05,60
2024-02-06,2024-02-06 13:31:00+00:00,32,187.7,908,2.511407961637838e-05,32
2024-02-06,2024-02-06 13:32:00+00:00,7,187.69,901,1.174603518858138e-05,7
2024-02-06,2024-02-06 13:33:00+00:00,50,187.69,851,3.139259952047298e-05,50
2024-02-06,2024-02-06 13:35:00+00:00,10,187.67,841,1.4039197303640975e-05,10
2024-02-06,2024-02-06 13:36:00+00:00,64,187.69,777,3.5516672e-05,64
2024-02-06,2024-02-06 13:37:00+00:00,10,187.67,767,1.4039197303640975e-05,10
2024-02-06,2024-02-06 13:38:00+00:00,60,187.65,707,3.438886979217782e-05,60
2024-02-06,2024-02-06 13:39:00+00:00,10,187.62,697,1.4039197303640975e-05,10
2024-02-06,2024-02-06 13:40:00+00:00,36,187.63,661,2.6637504e-05,36
2024-02-06,2024-02-06 13:41:00+00:00,89,187.66,572,4.188295169018039e-05,89
2024-02-06,2024-02-06 13:42:00+00:00,10,187.67,562,1.4039197303640975e-05,10
2024-02-06,2024-02-06 13:43:00+00:00,40,187.7,522,2.807839460728195e-05,40
2024-02-06,2024-02-06 13:44:00+00:00,46,187.68,476,3.0110723675803213e-05,46
2024-02-06,2024-02-06 13:45:00+00:00,78,187.7,398,3.920934423397525e-05,78
2024-02-06,2024-02-06 13:46:00+00:00,61,187.7,337,3.4674259497160366e-05,61
2024-02-06,2024-02-06 13:47:00+00:00,13,187.68,324,1.600714775372952e-05,13
2024-02-06,2024-02-06 13:48:00+00:00,46,187.7,278,3.0110723675803213e-05,46
2024-02-06,2024-02-06 13:49:00+00:00,13,187.69,265,1.600714775372952e-05,13
2024-02-06,2024-02-06 13:50:00+00:00,64,187.66,201,3.5516672e-05,64
2024-02-06,2024-02-06 13:52:00+00:00,14,187.69,187,1.6611402267803402e-05,14
2024-02-06,2024-02-06 13:53:00+00:00,28,187.65,159,2.349207037716276e-05,28
2024-02-06,2024-02-06 13:54:00+00:00,10,187.67,149,1.4039197303640975e-05,10
2024-02-06,2024-02-06 13:55:00+00:00,60,187.65,89,3.438886979217782e-05,60
2024-02-06,2024-02-06 13:56:00+00:00,60,187.67,29,3.438886979217782e-05,60
2024-02-06,2024-02-06 13:57:00+00:00,29,187.66,0,2.390789151511743e-05,40
2024-02-09,2024-02-09 13:30:00+00:00,55,188.81,945,3.292483614413411e-05,55
2024-02-09,2024-02-09 13:31:00+00:00,36,189.13,909,2.6637504e-05,36
2024-02-09,2024-02-09 13:32:00+00:00,89,189.09,820,4.188295169018039e-05,89
2024-02-09,2024-02-09 13:33:00+00:00,89,189.38,731,4.188295169018039e-05,89
2024-02-09,2024-02-09 13:34:00+00:00,13,189.34,718,1.600714775372952e-05,13
2024-02-09,2024-02-09 13:35:00+00:00,36,189.04,682,2.6637504e-05,36
2024-02-09,2024-02-09 13:36:00+00:00,12,189.05,670,1.5379170104939733e-05,12
2024-02-09,2024-02-09 13:37:00+00:00,8,189.08,662,1.255703980818919e-05,8
2024-02-09,2024-02-09 13:38:00+00:00,32,189.08,630,2.511407961637838e-05,32
2024-02-09,2024-02-09 13:39:00+00:00,10,188.95,620,1.4039197303640975e-05,10
2024-02-09,2024-02-09 13:40:00+00:00,10,188.92,610,1.4039197303640975e-05,10
2024-02-09,2024-02-09 13:41:00+00:00,7,188.9,603,1.174603518858138e-05,7
2024-02-09,2024-02-09 13:42:00+00:00,40,188.79,563,2.807839460728195e-05,40
2024-02-09,2024-02-09 13:43:00+00:00,36,188.84,527,2.6637504e-05,36
2024-02-09,2024-02-09 13:44:00+00:00,36,188.84,491,2.6637504e-05,36
2024-02-09,2024-02-09 13:45:00+00:00,36,188.89,455,2.6637504e-05,36
2024-02-09,2024-02-09 13:46:00+00:00,45,188.87,410,2.978163484746128e-05,45
2024-02-09,2024-02-09 13:47:00+00:00,40,188.93,370,2.807839460728195e-05,40
2024-02-09,2024-02-09 13:48:00+00:00,10,188.93,360,1.4039197303640975e-05,10
2024-02-09,2024-02-09 13:49:00+00:00,7,188.9,353,1.174603518858138e-05,7
2024-02-09,2024-02-09 13:50:00+00:00,36,188.9,317,2.6637504e-05,36
2024-02-09,2024-02-09 13:51:00+00:00,10,188.84,307,1.4039197303640975e-05,10
2024-02-09,2024-02-09 13:52:00+00:00,69,188.76,238,3.687795439582928e-05,69
2024-02-09,2024-02-09 13:53:00+00:00,13,188.73,225,1.600714775372952e-05,13
2024-02-09,2024-02-09 13:54:00+00:00,10,188.69,215,1.4039197303640975e-05,10
2024-02-09,2024-02-09 13:55:00+00:00,6,188.68,209,1.0874715470224312e-05,6
2024-02-09,2024-02-09 13:56:00+00:00,10,188.72,199,1.4039197303640975e-05,10
2024-02-09,2024-02-09 13:57:00+00:00,7,188.7,192,1.174603518858138e-05,7
2024-02-09,2024-02-09 13:58:00+00:00,36,188.74,156,2.6637504e-05,36
2024-02-09,2024-02-09 13:59:00+00:00,10,188.71,146,1.4039197303640975e-05,10
2024-02-09,2024-02-09 14:00:00+00:00,7,188.7,139,1.174603518858138e-05,7
2024-02-09,2024-02-09 14:01:00+00:00,40,188.69,99,2.807839460728195e-05,40
2024-02-09,2024-02-09 14:02:00+00:00,18,188.68,81,1.8835559712283782e-05,18
2024-02-09,2024-02-09 14:03:00+00:00,10,188.68,71,1.4039197303640975e-05,10
2024-02-09,2024-02-09 14:04:00+00:00,10,188.71,61,1.4039197303640975e-05,10
2024-02-09,2024-02-09 14:05:00+00:00,20,188.7,41,1.9854423231640855e-05,20
2024-02-09,2024-02-09 14:06:00+00:00,12,188.73,29,1.5379170104939733e-05,12
2024-02-09,2024-02-09 14:07:00+00:00,10,188.63,19,1.4039197303640975e-05,10
2024-02-09,2024-02-09 14:08:00+00:00,19,188.67,0,1.935169800736008e-05,40
2024-02-15,2024-02-15 13:30:00+00:00,64,183.68,936,3.5516672e-05,64
2024-02-15,2024-02-15 13:31:00+00:00,7,183.47,929,1.174603518858138e-05,7
2024-02-15,2024-02-15 13:32:00+00:00,40,183.5,889,2.807839460728195e-05,40
2024-02-15,2024-02-15 13:33:00+00:00,10,183.5,879,1.4039197303640975e-05,10
2024-02-15,2024-02-15 13:34:00+00:00,40,183.43,839,2.807839460728195e-05,40
2024-02-15,2024-02-15 13:35:00+00:00,60,183.42,779,3.438886979217782e-05,60
2024-02-15,2024-02-15 13:36:00+00:00,36,183.54,743,2.6637504e-05,36
2024-02-15,2024-02-15 13:37:00+00:00,77,183.52,666,3.895719149483587e-05,77
2024-02-15,2024-02-15 13:38:00+00:00,36,183.5,630,2.6637504e-05,36
2024-02-15,2024-02-15 13:39:00+00:00,5,183.4,625,9.927211615820428e-06,5
2024-02-15,2024-02-15 13:40:00+00:00,40,183.42,585,2.807839460728195e-05,40
2024-02-15,2024-02-15 13:41:00+00:00,7,183.36,578,1.174603518858138e-05,7
2024-02-15,2024-02-15 13:42:00+00:00,69,183.23,509,3.687795439582928e-05,69
2024-02-15,2024-02-15 13:43:00+00:00,64,183.14,445,3.5516672e-05,64
2024-02-15,2024-02-15 13:44:00+00:00,40,183.24,405,2.807839460728195e-05,40
2024-02-15,2024-02-15 13:45:00+00:00,60,183.3,345,3.438886979217782e-05,60
2024-02-15,2024-02-15 13:46:00+00:00,40,183.21,305,2.807839460728195e-05,40
2024-02-15,2024-02-15 13:47:00+00:00,40,183.2,265,2.807839460728195e-05,40
2024-02-15,2024-02-15 13:48:00+00:00,8,183.18,257,1.255703980818919e-05,8
2024-02-15,2024-02-15 13:49:00+00:00,10,183.06,247,1.4039197303640975e-05,10
2024-02-15,2024-02-15 13:50:00+00:00,7,183.02,240,1.174603518858138e-05,7
2024-02-15,2024-02-15 13:51:00+00:00,41,183.01,199,2.8427207914519078e-05,41
2024-02-15,2024-02-15 13:52:00+00:00,10,183.01,189,1.4039197303640975e-05,10
2024-02-15,2024-02-15 13:53:00+00:00,40,182.9,149,2.807839460728195e-05,40
2024-02-15,2024-02-15 13:54:00+00:00,61,183.02,88,3.4674259497160366e-05,61
2024-02-15,2024-02-15 13:55:00+00:00,18,183.02,70,1.8835559712283782e-05,18
2024-02-15,2024-02-15 13:56:00+00:00,55,183.05,15,3.292483614413411e-05,55
2024-02-15,2024-02-15 13:57:00+00:00,14,183.05,1,1.6611402267803402e-05,14
2024-02-15,2024-02-15 13:58:00+00:00,1,183.05,0,4.439584e-06,10
2024-02-16,2024-02-16 13:30:00+00:00,45,183.47,955,2.978163484746128e-05,45
2024-02-16,2024-02-16 13:31:00+00:00,10,183.17,945,1.4039197303640975e-05,10
2024-02-16,2024-02-16 13:32:00+00:00,89,183.05,856,4.188295169018039e-05,89
2024-02-16,2024-02-16 13:33:00+00:00,77,183.35,779,3.895719149483587e-05,77
2024-02-16,2024-02-16 13:34:00+00:00,14,183.14,765,1.6611402267803402e-05,14
2024-02-16,2024-02-16 13:35:00+00:00,64,183.09,701,3.5516672e-05,64
2024-02-16,2024-02-16 13:36:00+00:00,50,183.08,651,3.139259952047298e-05,50
2024-02-16,2024-02-16 13:37:00+00:00,89,183.23,562,4.188295169018039e-05,89
2024-02-16,2024-02-16 13:38:00+00:00,40,183.23,522,2.807839460728195e-05,40
2024-02-16,2024-02-16 13:39:00+00:00,10,183.03,512,1.4039197303640975e-05,10
2024-02-16,2024-02-16 13:40:00+00:00,36,183.14,476,2.6637504e-05,36
2024-02-16,2024-02-16 13:41:00+00:00,7,183.17,469,1.174603518858138e-05,7
2024-02-16,2024-02-16 13:42:00+00:00,7,183.08,462,1.174603518858138e-05,7
2024-02-16,2024-02-16 13:43:00+00:00,60,182.98,402,3.438886979217782e-05,60
2024-02-16,2024-02-16 13:44:00+00:00,13,182.99,389,1.600714775372952e-05,13
2024-02-16,2024-02-16 13:45:00+00:00,10,183.04,379,1.4039197303640975e-05,10
2024-02-16,2024-02-16 13:46:00+00:00,10,183.0,369,1.4039197303640975e-05,10
2024-02-16,2024-02-16 13:47:00+00:00,7,182.93,362,1.174603518858138e-05,7
2024-02-16,2024-02-16 13:48:00+00:00,40,182.87,322,2.807839460728195e-05,40
2024-02-16,2024-02-16 13:49:00+00:00,60,182.88,262,3.438886979217782e-05,60
2024-02-16,2024-02-16 13:50:00+00:00,36,182.84,226,2.6637504e-05,36
2024-02-16,2024-02-16 13:51:00+00:00,55,182.84,171,3.292483614413411e-05,55
2024-02-16,2024-02-16 13:52:00+00:00,36,182.9,135,2.6637504e-05,36
2024-02-16,2024-02-16 13:53:00+00:00,89,182.88,46,4.188295169018039e-05,89
2024-02-16,2024-02-16 13:54:00+00:00,46,182.89,0,3.0110723675803213e-05,61
2024-03-04,2024-03-04 13:30:00+00:00,40,176.75,960,2.807839460728195e-05,40
2024-03-04,2024-03-04 13:31:00+00:00,72,176.74,888,3.7671119424567565e-05,72
2024-03-04,2024-03-04 13:32:00+00:00,18,176.74,870,1.8835559712283782e-05,18
2024-03-04,2024-03-04 13:33:00+00:00,10,176.72,860,1.4039197303640975e-05,10
2024-03-04,2024-03-04 13:34:00+00:00,60,176.72,800,3.438886979217782e-05,60
2024-03-04,2024-03-04 13:35:00+00:00,52,176.69,748,3.201429550745904e-05,52
2024-03-04,2024-03-04 13:36:00+00:00,10,176.74,738,1.4039197303640975e-05,10
2024-03-04,2024-03-04 13:37:00+00:00,18,176.74,720,1.8835559712283782e-05,18
2024-03-04,2024-03-04 13:38:00+00:00,40,176.71,680,2.807839460728195e-05,40
2024-03-04,2024-03-04 13:39:00+00:00,36,176.71,644,2.6637504e-05,36
2024-03-04,2024-03-04 13:40:00+00:00,36,176.71,608,2.6637504e-05,36
2024-03-04,2024-03-04 13:41:00+00:00,89,176.98,519,4.188295169018039e-05,89
2024-03-04,2024-03-04 13:42:00+00:00,33,177.19,486,2.5503468412567888e-05,33
2024-03-04,2024-03-04 13:43:00+00:00,10,177.18,476,1.4039197303640975e-05,10
2024-03-04,2024-03-04 13:44:00+00:00,55,177.14,421,3.292483614413411e-05,55
2024-03-04,2024-03-04 13:45:00+00:00,36,177.11,385,2.6637504e-05,36
2024-03-04,2024-03-04 13:46:00+00:00,36,177.07,349,2.6637504e-05,36
2024-03-04,2024-03-04 13:47:00+00:00,13,177.02,336,1.600714775372952e-05,13
2024-03-04,2024-03-04 13:48:00+00:00,35,176.96,301,2.6264933147772528e-05,35
2024-03-04,2024-03-04 13:49:00+00:00,10,176.91,291,1.4039197303640975e-05,10
2024-03-04,2024-03-04 13:50:00+00:00,40,176.94,251,2.807839460728195e-05,40
2024-03-04,2024-03-04 13:51:00+00:00,13,176.92,238,1.600714775372952e-05,13
2024-03-04,2024-03-04 13:52:00+00:00,1,176.88,237,4.439584e-06,1
2024-03-04,2024-03-04 13:53:00+00:00,82,176.95,155,4.020214297311267e-05,82
2024-03-04,2024-03-04 13:54:00+00:00,60,176.92,95,3.438886979217782e-05,60
2024-03-04,2024-03-04 13:55:00+00:00,36,176.93,59,2.6637504e-05,36
2024-03-04,2024-03-04 13:56:00+00:00,10,176.92,49,1.4039197303640975e-05,10
2024-03-04,2024-03-04 13:57:00+00:00,46,176.84,3,3.0110723675803213e-05,46
2024-03-04,2024-03-04 13:58:00+00:00,3,176.84,0,7.689585052469867e-06,36
2024-03-12,2024-03-12 13:30:00+00:00,46,173.45,954,3.0110723675803213e-05,46
2024-03-12,2024-03-12 13:31:00+00:00,78,173.22,876,3.920934423397525e-05,78
2024-03-12,2024-03-12 13:32:00+00:00,10,173.26,866,1.4039197303640975e-05,10
2024-03-12,2024-03-12 13:33:00+00:00,11,173.33,855,1.4724434353265188e-05,11
2024-03-12,2024-03-12 13:34:00+00:00,44,173.1,811,2.9448868706530376e-05,44
2024-03-12,2024-03-12 13:35:00+00:00,44,172.75,767,2.9448868706530376e-05,44
2024-03-12,2024-03-12 13:36:00+00:00,77,172.2,690,3.895719149483587e-05,77
2024-03-12,2024-03-12 13:37:00+00:00,78,171.98,612,3.920934423397525e-05,78
2024-03-12,2024-03-12 13:38:00+00:00,78,171.66,534,3.920934423397525e-05,78
2024-03-12,2024-03-12 13:39:00+00:00,60,171.43,474,3.438886979217782e-05,60
2024-03-12,2024-03-12 13:40:00+00:00,77,171.27,397,3.895719149483587e-05,77
2024-03-12,2024-03-12 13:41:00+00:00,77,171.4,320,3.895719149483587e-05,77
2024-03-12,2024-03-12 13:42:00+00:00,89,171.36,231,4.188295169018039e-05,89
2024-03-12,2024-03-12 13:43:00+00:00,10,171.51,221,1.4039197303640975e-05,10
2024-03-12,2024-03-12 13:44:00+00:00,46,171.54,175,3.0110723675803213e-05,46
2024-03-12,2024-03-12 13:45:00+00:00,48,171.59,127,3.0758340209879466e-05,48
2024-03-12,2024-03-12 13:46:00+00:00,35,171.48,92,2.6264933147772528e-05,35
2024-03-12,2024-03-12 13:47:00+00:00,77,171.51,15,3.895719149483587e-05,77
2024-03-12,2024-03-12 13:48:00+00:00,15,171.43,0,1.719443489608891e-05,63
2024-03-21,2024-03-21 13:30:00+00:00,46,177.32,954,3.0110723675803213e-05,46
2024-03-21,2024-03-21 13:31:00+00:00,78,176.99,876,3.920934423397525e-05,78
2024-03-21,2024-03-21 13:32:00+00:00,46,177.16,830,3.0110723675803213e-05,46
2024-03-21,2024-03-21 13:33:00+00:00,78,176.83,752,3.920934423397525e-05,78
2024-03-21,2024-03-21 13:34:00+00:00,44,176.79,708,2.9448868706530376e-05,44
2024-03-21,2024-03-21 13:35:00+00:00,77,176.94,631,3.895719149483587e-05,77
2024-03-21,2024-03-21 13:36:00+00:00,77,177.31,554,3.895719149483587e-05,77
2024-03-21,2024-03-21 13:37:00+00:00,10,177.38,544,1.4039197303640975e-05,10
2024-03-21,2024-03-21 13:38:00+00:00,77,177.49,467,3.895719149483587e-05,77
2024-03-21,2024-03-21 13:39:00+00:00,77,177.23,390,3.895719149483587e-05,77
2024-03-21,2024-03-21 13:40:00+00:00,33,177.1,357,2.5503468412567888e-05,33
2024-03-21,2024-03-21 13:41:00+00:00,46,177.43,311,3.0110723675803213e-05,46
2024-03-21,2024-03-21 13:42:00+00:00,14,177.27,297,1.6611402267803402e-05,14
2024-03-21,2024-03-21 13:43:00+00:00,83,177.03,214,4.0446535151031764e-05,83
2024-03-21,2024-03-21 13:44:00+00:00,89,176.99,125,4.188295169018039e-05,89
2024-03-21,2024-03-21 13:45:00+00:00,33,176.96,92,2.5503468412567888e-05,33
2024-03-21,2024-03-21 13:46:00+00:00,35,176.83,57,2.6264933147772528e-05,35
2024-03-21,2024-03-21 13:47:00+00:00,57,176.7,0,3.351812416147706e-05,78
2024-03-28,2024-03-28 13:30:00+00:00,46,171.92,954,3.0110723675803213e-05,46
2024-03-28,2024-03-28 13:31:00+00:00,78,171.77,876,3.920934423397525e-05,78
2024-03-28,2024-03-28 13:32:00+00:00,77,171.71,799,3.895719149483587e-05,77
2024-03-28,2024-03-28 13:33:00+00:00,46,171.54,753,3.0110723675803213e-05,46
2024-03-28,2024-03-28 13:34:00+00:00,77,171.65,676,3.895719149483587e-05,77
2024-03-28,2024-03-28 13:35:00+00:00,78,171.32,598,3.920934423397525e-05,78
2024-03-28,2024-03-28 13:36:00+00:00,77,171.51,521,3.895719149483587e-05,77
2024-03-28,2024-03-28 13:37:00+00:00,78,171.26,443,3.920934423397525e-05,78
2024-03-28,2024-03-28 13:38:00+00:00,36,171.01,407,2.6637504e-05,36
2024-03-28,2024-03-28 13:39:00+00:00,78,171.03,329,3.920934423397525e-05,78
2024-03-28,2024-03-28 13:40:00+00:00,77,171.19,252,3.895719149483587e-05,77
2024-03-28,2024-03-28 13:41:00+00:00,48,171.27,204,3.0758340209879466e-05,48
2024-03-28,2024-03-28 13:42:00+00:00,79,171.23,125,3.945988572400361e-05,79
2024-03-28,2024-03-28 13:43:00+00:00,77,171.22,48,3.895719149483587e-05,77
2024-03-28,2024-03-28 13:44:00+00:00,48,170.84,0,3.0758340209879466e-05,78
2024-04-08,2024-04-08 13:30:00+00:00,46,169.18,954,3.0110723675803213e-05,46
2024-04-08,2024-04-08 13:31:00+00:00,77,168.92,877,3.895719149483587e-05,77
2024-04-08,2024-04-08 13:32:00+00:00,77,168.74,800,3.895719149483587e-05,77
2024-04-08,2024-04-08 13:33:00+00:00,71,168.76,729,3.74085997145974e-05,71
2024-04-08,2024-04-08 13:34:00+00:00,10,168.67,719,1.4039197303640975e-05,10
2024-04-08,2024-04-08 13:35:00+00:00,25,168.62,694,2.219792e-05,25
2024-04-08,2024-04-08 13:36:00+00:00,33,168.45,661,2.5503468412567888e-05,33
2024-04-08,2024-04-08 13:37:00+00:00,12,168.71,649,1.5379170104939733e-05,12
2024-04-08,2024-04-08 13:38:00+00:00,10,168.71,639,1.4039197303640975e-05,10
2024-04-08,2024-04-08 13:39:00+00:00,77,168.69,562,3.895719149483587e-05,77
2024-04-08,2024-04-08 13:40:00+00:00,48,168.71,514,3.0758340209879466e-05,48
2024-04-08,2024-04-08 13:41:00+00:00,12,168.87,502,1.5379170104939733e-05,12
2024-04-08,2024-04-08 13:42:00+00:00,89,168.83,413,4.188295169018039e-05,89
2024-04-08,2024-04-08 13:43:00+00:00,40,168.64,373,2.807839460728195e-05,40
2024-04-08,2024-04-08 13:44:00+00:00,56,168.76,317,3.3222804535606804e-05,56
2024-04-08,2024-04-08 13:45:00+00:00,36,168.96,281,2.6637504e-05,36
2024-04-08,2024-04-08 13:46:00+00:00,33,169.01,248,2.5503468412567888e-05,33
2024-04-08,2024-04-08 13:47:00+00:00,33,168.9,215,2.5503468412567888e-05,33
2024-04-08,2024-04-08 13:48:00+00:00,57,169.0,158,3.351812416147706e-05,57
2024-04-08,2024-04-08 13:49:00+00:00,66,168.99,92,3.606735091660734e-05,66
2024-04-08,2024-04-08 13:50:00+00:00,10,168.92,82,1.4039197303640975e-05,10
2024-04-08,2024-04-08 13:51:00+00:00,7,168.82,75,1.174603518858138e-05,7
2024-04-08,2024-04-08 13:52:00+00:00,75,168.86,0,3.8447925262349336e-05,89
2024-04-15,2024-04-15 13:30:00+00:00,78,175.96,922,3.920934423397525e-05,78
2024-04-15,2024-04-15 13:31:00+00:00,78,175.41,844,3.920934423397525e-05,78
2024-04-15,2024-04-15 13:32:00+00:00,78,174.64,766,3.920934423397525e-05,78
2024-04-15,2024-04-15 13:33:00+00:00,78,174.35,688,3.920934423397525e-05,78
2024-04-15,2024-04-15 13:34:00+00:00,78,174.33,610,3.920934423397525e-05,78
2024-04-15,2024-04-15 13:35:00+00:00,78,174.82,532,3.920934423397525e-05,78
2024-04-15,2024-04-15 13:36:00+00:00,10,175.04,522,1.4039197303640975e-05,10
2024-04-15,2024-04-15 13:37:00+00:00,77,174.98,445,3.895719149483587e-05,77
2024-04-15,2024-04-15 13:38:00+00:00,44,174.68,401,2.9448868706530376e-05,44
2024-04-15,2024-04-15 13:39:00+00:00,63,174.43,338,3.523810556574414e-05,63
2024-04-15,2024-04-15 13:40:00+00:00,48,174.44,290,3.0758340209879466e-05,48
2024-04-15,2024-04-15 13:41:00+00:00,46,174.52,244,3.0110723675803213e-05,46
2024-04-15,2024-04-15 13:42:00+00:00,77,175.0,167,3.895719149483587e-05,77
2024-04-15,2024-04-15 13:43:00+00:00,46,175.08,121,3.0110723675803213e-05,46
2024-04-15,2024-04-15 13:44:00+00:00,77,175.15,44,3.895719149483587e-05,77
2024-04-15,2024-04-15 13:45:00+00:00,44,175.38,0,2.9448868706530376e-05,46
2024-04-19,2024-04-19 13:30:00+00:00,46,166.37,954,3.0110723675803213e-05,46
2024-04-19,2024-04-19 13:31:00+00:00,10,166.38,944,1.4039197303640975e-05,10
2024-04-19,2024-04-19 13:32:00+00:00,35,166.39,909,2.6264933147772528e-05,35
2024-04-19,2024-04-19 13:33:00+00:00,45,166.27,864,2.978163484746128e-05,45
2024-04-19,2024-04-19 13:34:00+00:00,77,166.1,787,3.895719149483587e-05,77
2024-04-19,2024-04-19 13:35:00+00:00,45,165.94,742,2.978163484746128e-05,45
2024-04-19,2024-04-19 13:36:00+00:00,89,166.04,653,4.188295169018039e-05,89
2024-04-19,2024-04-19 13:37:00+00:00,56,166.06,597,3.3222804535606804e-05,56
2024-04-19,2024-04-19 13:38:00+00:00,77,166.03,520,3.895719149483587e-05,77
2024-04-19,2024-04-19 13:39:00+00:00,60,165.95,460,3.438886979217782e-05,60
2024-04-19,2024-04-19 13:40:00+00:00,10,166.04,450,1.4039197303640975e-05,10
2024-04-19,2024-04-19 13:41:00+00:00,46,166.14,404,3.0110723675803213e-05,46
2024-04-19,2024-04-19 13:42:00+00:00,91,166.18,313,4.2350932155834495e-05,91
2024-04-19,2024-04-19 13:43:00+00:00,32,166.07,281,2.511407961637838e-05,32
2024-04-19,2024-04-19 13:44:00+00:00,77,166.1,204,3.895719149483587e-05,77
2024-04-19,2024-04-19 13:45:00+00:00,71,166.05,133,3.74085997145974e-05,71
2024-04-19,2024-04-19 13:46:00+00:00,89,165.99,44,4.188295169018039e-05,89
2024-04-19,2024-04-19 13:47:00+00:00,44,165.97,0,2.9448868706530376e-05,89
2024-05-08,2024-05-08 13:30:00+00:00,46,182.95,954,3.0110723675803213e-05,46
2024-05-08,2024-05-08 13:31:00+00:00,61,182.9,893,3.4674259497160366e-05,61
2024-05-08,2024-05-08 13:32:00+00:00,48,182.78,845,3.0758340209879466e-05,48
2024-05-08,2024-05-08 13:33:00+00:00,44,182.59,801,2.9448868706530376e-05,44
2024-05-08,2024-05-08 13:34:00+00:00,48,182.69,753,3.0758340209879466e-05,48
2024-05-08,2024-05-08 13:35:00+00:00,77,182.68,676,3.895719149483587e-05,77
2024-05-08,2024-05-08 13:36:00+00:00,77,182.54,599,3.895719149483587e-05,77
2024-05-08,2024-05-08 13:37:00+00:00,77,182.48,522,3.895719149483587e-05,77
2024-05-08,2024-05-08 13:38:00+00:00,89,182.54,433,4.188295169018039e-05,89
2024-05-08,2024-05-08 13:39:00+00:00,56,182.46,377,3.3222804535606804e-05,56
2024-05-08,2024-05-08 13:40:00+00:00,44,182.19,333,2.9448868706530376e-05,44
2024-05-08,2024-05-08 13:41:00+00:00,10,182.17,323,1.4039197303640975e-05,10
2024-05-08,2024-05-08 13:42:00+00:00,61,182.14,262,3.4674259497160366e-05,61
2024-05-08,2024-05-08 13:43:00+00:00,11,182.13,251,1.4724434353265188e-05,11
2024-05-08,2024-05-08 13:44:00+00:00,10,182.11,241,1.4039197303640975e-05,10
2024-05-08,2024-05-08 13:45:00+00:00,46,182.07,195,3.0110723675803213e-05,46
2024-05-08,2024-05-08 13:46:00+00:00,35,182.22,160,2.6264933147772528e-05,35
2024-05-08,2024-05-08 13:47:00+00:00,10,182.29,150,1.4039197303640975e-05,10
2024-05-08,2024-05-08 13:48:00+00:00,77,182.26,73,3.895719149483587e-05,77
2024-05-08,2024-05-08 13:49:00+00:00,46,182.28,27,3.0110723675803213e-05,46
2024-05-08,2024-05-08 13:50:00+00:00,27,182.4,0,2.30687551574096e-05,77
2024-05-13,2024-05-13 13:30:00+00:00,46,185.59,954,3.0110723675803213e-05,46
2024-05-13,2024-05-13 13:31:00+00:00,78,185.58,876,3.920934423397525e-05,78
2024-05-13,2024-05-13 13:32:00+00:00,32,185.58,844,2.511407961637838e-05,32
2024-05-13,2024-05-13 13:33:00+00:00,89,185.01,755,4.188295169018039e-05,89
2024-05-13,2024-05-13 13:34:00+00:00,46,184.96,709,3.0110723675803213e-05,46
2024-05-13,2024-05-13 13:35:00+00:00,55,184.99,654,3.292483614413411e-05,55
2024-05-13,2024-05-13 13:36:00+00:00,77,184.83,577,3.895719149483587e-05,77
2024-05-13,2024-05-13 13:37:00+00:00,33,184.89,544,2.5503468412567888e-05,33
2024-05-13,2024-05-13 13:38:00+00:00,46,185.01,498,3.0110723675803213e-05,46
2024-05-13,2024-05-13 13:39:00+00:00,89,185.0,409,4.188295169018039e-05,89
2024-05-13,2024-05-13 13:40:00+00:00,63,184.94,346,3.523810556574414e-05,63
2024-05-13,2024-05-13 13:41:00+00:00,11,184.95,335,1.4724434353265188e-05,11
2024-05-13,2024-05-13 13:42:00+00:00,1,185.08,334,4.439584e-06,1
2024-05-13,2024-05-13 13:43:00+00:00,71,185.16,263,3.74085997145974e-05,71
2024-05-13,2024-05-13 13:44:00+00:00,71,185.28,192,3.74085997145974e-05,71
2024-05-13,2024-05-13 13:45:00+00:00,39,185.44,153,2.7725193193721555e-05,39
2024-05-13,2024-05-13 13:46:00+00:00,7,185.26,146,1.174603518858138e-05,7
2024-05-13,2024-05-13 13:47:00+00:00,39,185.33,107,2.7725193193721555e-05,39
2024-05-13,2024-05-13 13:48:00+00:00,25,185.24,82,2.219792e-05,25
2024-05-13,2024-05-13 13:49:00+00:00,35,184.99,47,2.6264933147772528e-05,35
2024-05-13,2024-05-13 13:50:00+00:00,8,184.91,39,1.255703980818919e-05,8
2024-05-13,2024-05-13 13:51:00+00:00,35,184.95,4,2.6264933147772528e-05,35
2024-05-13,2024-05-13 13:52:00+00:00,4,184.93,0,8.879168e-06,12
2024-05-23,2024-05-23 13:30:00+00:00,46,190.99,954,3.0110723675803213e-05,46
2024-05-23,2024-05-23 13:31:00+00:00,33,190.45,921,2.5503468412567888e-05,33
2024-05-23,2024-05-23 13:32:00+00:00,56,190.38,865,3.3222804535606804e-05,56
2024-05-23,2024-05-23 13:33:00+00:00,77,190.45,788,3.895719149483587e-05,77
2024-05-23,2024-05-23 13:34:00+00:00,89,190.65,699,4.188295169018039e-05,89
2024-05-23,2024-05-23 13:35:00+00:00,9,190.63,690,1.3318752e-05,9
2024-05-23,2024-05-23 13:36:00+00:00,33,190.6,657,2.5503468412567888e-05,33
2024-05-23,2024-05-23 13:37:00+00:00,35,190.62,622,2.6264933147772528e-05,35
2024-05-23,2024-05-23 13:38:00+00:00,48,190.24,574,3.0758340209879466e-05,48
2024-05-23,2024-05-23 13:39:00+00:00,38,190.12,536,2.736743377695702e-05,38
2024-05-23,2024-05-23 13:40:00+00:00,77,190.07,459,3.895719149483587e-05,77
2024-05-23,2024-05-23 13:41:00+00:00,12,190.04,447,1.5379170104939733e-05,12
2024-05-23,2024-05-23 13:42:00+00:00,8,189.93,439,1.255703980818919e-05,8
2024-05-23,2024-05-23 13:43:00+00:00,10,189.92,429,1.4039197303640975e-05,10
2024-05-23,2024-05-23 13:44:00+00:00,77,189.68,352,3.895719149483587e-05,77
2024-05-23,2024-05-23 13:45:00+00:00,39,189.43,313,2.7725193193721555e-05,39
2024-05-23,2024-05-23 13:46:00+00:00,77,189.51,236,3.895719149483587e-05,77
2024-05-23,2024-05-23 13:47:00+00:00,45,189.56,191,2.978163484746128e-05,45
2024-05-23,2024-05-23 13:48:00+00:00,10,189.59,181,1.4039197303640975e-05,10
2024-05-23,2024-05-23 13:49:00+00:00,27,189.5,154,2.30687551574096e-05,27
2024-05-23,2024-05-23 13:50:00+00:00,44,189.6,110,2.9448868706530376e-05,44
2024-05-23,2024-05-23 13:51:00+00:00,56,189.58,54,3.3222804535606804e-05,56
2024-05-23,2024-05-23 13:52:00+00:00,33,189.54,21,2.5503468412567888e-05,33
2024-05-23,2024-05-23 13:53:00+00:00,21,189.49,0,2.0344729734114827e-05,77
2024-05-28,2024-05-28 13:30:00+00:00,46,191.64,954,3.0110723675803213e-05,46
2024-05-28,2024-05-28 13:31:00+00:00,33,191.55,921,2.5503468412567888e-05,33
2024-05-28,2024-05-28 13:32:00+00:00,89,191.63,832,4.188295169018039e-05,89
2024-05-28,2024-05-28 13:33:00+00:00,83,191.85,749,4.0446535151031764e-05,83
2024-05-28,2024-05-28 13:34:00+00:00,78,192.17,671,3.920934423397525e-05,78
2024-05-28,2024-05-28 13:35:00+00:00,48,192.31,623,3.0758340209879466e-05,48
2024-05-28,2024-05-28 13:36:00+00:00,77,192.22,546,3.895719149483587e-05,77
2024-05-28,2024-05-28 13:37:00+00:00,77,192.58,469,3.895719149483587e-05,77
2024-05-28,2024-05-28 13:38:00+00:00,77,192.98,392,3.895719149483587e-05,77
2024-05-28,2024-05-28 13:39:00+00:00,46,192.82,346,3.0110723675803213e-05,46
2024-05-28,2024-05-28 13:40:00+00:00,33,192.82,313,2.5503468412567888e-05,33
2024-05-28,2024-05-28 13:41:00+00:00,33,192.52,280,2.5503468412567888e-05,33
2024-05-28,2024-05-28 13:42:00+00:00,77,192.52,203,3.895719149483587e-05,77
2024-05-28,2024-05-28 13:43:00+00:00,33,192.36,170,2.5503468412567888e-05,33
2024-05-28,2024-05-28 13:44:00+00:00,11,191.96,159,1.4724434353265188e-05,11
2024-05-28,2024-05-28 13:45:00+00:00,38,191.92,121,2.736743377695702e-05,38
2024-05-28,2024-05-28 13:46:00+00:00,44,191.64,77,2.9448868706530376e-05,44
2024-05-28,2024-05-28 13:47:00+00:00,10,191.48,67,1.4039197303640975e-05,10
2024-05-28,2024-05-28 13:48:00+00:00,67,191.26,0,3.633956120036058e-05,77
2024-05-30,2024-05-30 13:30:00+00:00,46,191.14,954,3.0110723675803213e-05,46
2024-05-30,2024-05-30 13:31:00+00:00,10,191.1,944,1.4039197303640975e-05,10
2024-05-30,2024-05-30 13:32:00+00:00,77,191.32,867,3.895719149483587e-05,77
2024-05-30,2024-05-30 13:33:00+00:00,78,191.48,789,3.920934423397525e-05,78
2024-05-30,2024-05-30 13:34:00+00:00,48,191.42,741,3.0758340209879466e-05,48
2024-05-30,2024-05-30 13:35:00+00:00,77,191.46,664,3.895719149483587e-05,77
2024-05-30,2024-05-30 13:36:00+00:00,89,191.4,575,4.188295169018039e-05,89
2024-05-30,2024-05-30 13:37:00+00:00,77,191.22,498,3.895719149483587e-05,77
2024-05-30,2024-05-30 13:38:00+00:00,48,191.38,450,3.0758340209879466e-05,48
2024-05-30,2024-05-30 13:39:00+00:00,10,191.68,440,1.4039197303640975e-05,10
2024-05-30,2024-05-30 13:40:00+00:00,89,191.9,351,4.188295169018039e-05,89
2024-05-30,2024-05-30 13:41:00+00:00,77,191.89,274,3.895719149483587e-05,77
2024-05-30,2024-05-30 13:42:00+00:00,78,192.01,196,3.920934423397525e-05,78
2024-05-30,2024-05-30 13:43:00+00:00,77,192.1,119,3.895719149483587e-05,77
2024-05-30,2024-05-30 13:44:00+00:00,32,192.05,87,2.511407961637838e-05,32
2024-05-30,2024-05-30 13:45:00+00:00,56,192.03,31,3.3222804535606804e-05,56
2024-05-30,2024-05-30 13:46:00+00:00,31,191.9,0,2.471855758099036e-05,89
2024-06-05,2024-06-05 13:30:00+00:00,46,195.74,954,3.0110723675803213e-05,46
2024-06-05,2024-06-05 13:31:00+00:00,78,196.06,876,3.920934423397525e-05,78
2024-06-05,2024-06-05 13:32:00+00:00,78,196.41,798,3.920934423397525e-05,78
2024-06-05,2024-06-05 13:33:00+00:00,48,196.22,750,3.0758340209879466e-05,48
2024-06-05,2024-06-05 13:34:00+00:00,33,196.04,717,2.5503468412567888e-05,33
2024-06-05,2024-06-05 13:35:00+00:00,35,195.47,682,2.6264933147772528e-05,35
2024-06-05,2024-06-05 13:36:00+00:00,77,195.15,605,3.895719149483587e-05,77
2024-06-05,2024-06-05 13:37:00+00:00,44,195.12,561,2.9448868706530376e-05,44
2024-06-05,2024-06-05 13:38:00+00:00,78,195.21,483,3.920934423397525e-05,78
2024-06-05,2024-06-05 13:39:00+00:00,33,195.34,450,2.5503468412567888e-05,33
2024-06-05,2024-06-05 13:40:00+00:00,77,195.27,373,3.895719149483587e-05,77
2024-06-05,2024-06-05 13:41:00+00:00,33,195.35,340,2.5503468412567888e-05,33
2024-06-05,2024-06-05 13:42:00+00:00,35,195.32,305,2.6264933147772528e-05,35
2024-06-05,2024-06-05 13:43:00+00:00,10,195.46,295,1.4039197303640975e-05,10
2024-06-05,2024-06-05 13:44:00+00:00,89,195.39,206,4.188295169018039e-05,89
2024-06-05,2024-06-05 13:45:00+00:00,44,195.45,162,2.9448868706530376e-05,44
2024-06-05,2024-06-05 13:46:00+00:00,36,195.33,126,2.6637504e-05,36
2024-06-05,2024-06-05 13:47:00+00:00,8,195.16,118,1.255703980818919e-05,8
2024-06-05,2024-06-05 13:48:00+00:00,1,195.17,117,4.439584e-06,1
2024-06-05,2024-06-05 13:49:00+00:00,44,195.19,73,2.9448868706530376e-05,44
2024-06-05,2024-06-05 13:50:00+00:00,73,195.22,0,3.7931822323651786e-05,77
2024-06-06,2024-06-06 13:30:00+00:00,46,196.17,954,3.0110723675803213e-05,46
2024-06-06,2024-06-06 13:31:00+00:00,77,196.35,877,3.895719149483587e-05,77
2024-06-06,2024-06-06 13:32:00+00:00,48,196.36,829,3.0758340209879466e-05,48
2024-06-06,2024-06-06 13:33:00+00:00,61,196.1,768,3.4674259497160366e-05,61
2024-06-06,2024-06-06 13:34:00+00:00,31,195.93,737,2.471855758099036e-05,31
2024-06-06,2024-06-06 13:35:00+00:00,79,195.81,658,3.945988572400361e-05,79
2024-06-06,2024-06-06 13:36:00+00:00,33,195.67,625,2.5503468412567888e-05,33
2024-06-06,2024-06-06 13:37:00+00:00,35,195.61,590,2.6264933147772528e-05,35
2024-06-06,2024-06-06 13:38:00+00:00,10,195.55,580,1.4039197303640975e-05,10
2024-06-06,2024-06-06 13:39:00+00:00,79,195.62,501,3.945988572400361e-05,79
2024-06-06,2024-06-06 13:40:00+00:00,79,195.57,422,3.945988572400361e-05,79
2024-06-06,2024-06-06 13:41:00+00:00,20,195.53,402,1.9854423231640855e-05,20
2024-06-06,2024-06-06 13:42:00+00:00,10,195.68,392,1.4039197303640975e-05,10
2024-06-06,2024-06-06 13:43:00+00:00,10,195.72,382,1.4039197303640975e-05,10
2024-06-06,2024-06-06 13:44:00+00:00,77,195.81,305,3.895719149483587e-05,77
2024-06-06,2024-06-06 13:45:00+00:00,36,195.74,269,2.6637504e-05,36
2024-06-06,2024-06-06 13:46:00+00:00,89,195.65,180,4.188295169018039e-05,89
2024-06-06,2024-06-06 13:47:00+00:00,89,195.64,91,4.188295169018039e-05,89
2024-06-06,2024-06-06 13:48:00+00:00,77,195.81,14,3.895719149483587e-05,77
2024-06-06,2024-06-06 13:49:00+00:00,14,195.91,0,1.6611402267803402e-05,78
2024-06-13,2024-06-13 13:30:00+00:00,46,215.95,954,3.0110723675803213e-05,46
2024-06-13,2024-06-13 13:31:00+00:00,78,215.26,876,3.920934423397525e-05,78
2024-06-13,2024-06-13 13:32:00+00:00,78,215.3,798,3.920934423397525e-05,78
2024-06-13,2024-06-13 13:33:00+00:00,78,216.25,720,3.920934423397525e-05,78
2024-06-13,2024-06-13 13:34:00+00:00,78,215.99,642,3.920934423397525e-05,78
2024-06-13,2024-06-13 13:35:00+00:00,57,215.14,585,3.351812416147706e-05,57
2024-06-13,2024-06-13 13:36:00+00:00,78,215.35,507,3.920934423397525e-05,78
2024-06-13,2024-06-13 13:37:00+00:00,78,215.86,429,3.920934423397525e-05,78
2024-06-13,2024-06-13 13:38:00+00:00,77,216.58,352,3.895719149483587e-05,77
2024-06-13,2024-06-13 13:39:00+00:00,36,216.59,316,2.6637504e-05,36
2024-06-13,2024-06-13 13:40:00+00:00,77,216.28,239,3.895719149483587e-05,77
2024-06-13,2024-06-13 13:41:00+00:00,48,216.62,191,3.0758340209879466e-05,48
2024-06-13,2024-06-13 13:42:00+00:00,78,216.27,113,3.920934423397525e-05,78
2024-06-13,2024-06-13 13:43:00+00:00,78,216.47,35,3.920934423397525e-05,78
2024-06-13,2024-06-13 13:44:00+00:00,35,216.52,0,2.6264933147772528e-05,77
2024-06-28,2024-06-28 13:30:00+00:00,46,216.02,954,3.0110723675803213e-05,46
2024-06-28,2024-06-28 13:31:00+00:00,45,215.48,909,2.978163484746128e-05,45
2024-06-28,2024-06-28 13:32:00+00:00,33,216.05,876,2.5503468412567888e-05,33
2024-06-28,2024-06-28 13:33:00+00:00,89,215.99,787,4.188295169018039e-05,89
2024-06-28,2024-06-28 13:34:00+00:00,48,214.93,739,3.0758340209879466e-05,48
2024-06-28,2024-06-28 13:35:00+00:00,78,215.1,661,3.920934423397525e-05,78
2024-06-28,2024-06-28 13:36:00+00:00,10,214.99,651,1.4039197303640975e-05,10
2024-06-28,2024-06-28 13:37:00+00:00,77,214.99,574,3.895719149483587e-05,77
2024-06-28,2024-06-28 13:38:00+00:00,33,214.88,541,2.5503468412567888e-05,33
2024-06-28,2024-06-28 13:39:00+00:00,89,214.83,452,4.188295169018039e-05,89
2024-06-28,2024-06-28 13:40:00+00:00,33,214.66,419,2.5503468412567888e-05,33
2024-06-28,2024-06-28 13:41:00+00:00,45,214.6,374,2.978163484746128e-05,45
2024-06-28,2024-06-28 13:42:00+00:00,10,214.61,364,1.4039197303640975e-05,10
2024-06-28,2024-06-28 13:43:00+00:00,8,214.67,356,1.255703980818919e-05,8
2024-06-28,2024-06-28 13:44:00+00:00,39,214.65,317,2.7725193193721555e-05,39
2024-06-28,2024-06-28 13:45:00+00:00,48,214.55,269,3.0758340209879466e-05,48
2024-06-28,2024-06-28 13:46:00+00:00,77,214.62,192,3.895719149483587e-05,77
2024-06-28,2024-06-28 13:47:00+00:00,77,214.74,115,3.895719149483587e-05,77
2024-06-28,2024-06-28 13:48:00+00:00,44,214.93,71,2.9448868706530376e-05,44
2024-06-28,2024-06-28 13:49:00+00:00,48,214.91,23,3.0758340209879466e-05,48
2024-06-28,2024-06-28 13:50:00+00:00,10,214.43,13,1.4039197303640975e-05,10
2024-06-28,2024-06-28 13:51:00+00:00,13,214.39,0,1.600714775372952e-05,77
2024-07-08,2024-07-08 13:30:00+00:00,46,227.33,954,3.0110723675803213e-05,46
2024-07-08,2024-07-08 13:31:00+00:00,63,227.13,891,3.523810556574414e-05,63
2024-07-08,2024-07-08 13:32:00+00:00,10,226.96,881,1.4039197303640975e-05,10
2024-07-08,2024-07-08 13:33:00+00:00,100,226.96,781,4.439584e-05,100
2024-07-08,2024-07-08 13:34:00+00:00,10,226.86,771,1.4039197303640975e-05,10
2024-07-08,2024-07-08 13:35:00+00:00,61,227.0,710,3.4674259497160366e-05,61
2024-07-08,2024-07-08 13:36:00+00:00,78,225.91,632,3.920934423397525e-05,78
2024-07-08,2024-07-08 13:37:00+00:00,38,225.27,594,2.736743377695702e-05,38
2024-07-08,2024-07-08 13:38:00+00:00,2,224.92,592,6.278519904094595e-06,2
2024-07-08,2024-07-08 13:39:00+00:00,78,224.65,514,3.920934423397525e-05,78
2024-07-08,2024-07-08 13:40:00+00:00,44,224.79,470,2.9448868706530376e-05,44
2024-07-08,2024-07-08 13:41:00+00:00,46,224.96,424,3.0110723675803213e-05,46
2024-07-08,2024-07-08 13:42:00+00:00,78,225.16,346,3.920934423397525e-05,78
2024-07-08,2024-07-08 13:43:00+00:00,32,224.76,314,2.511407961637838e-05,32
2024-07-08,2024-07-08 13:44:00+00:00,38,224.45,276,2.736743377695702e-05,38
2024-07-08,2024-07-08 13:45:00+00:00,78,224.29,198,3.920934423397525e-05,78
2024-07-08,2024-07-08 13:46:00+00:00,48,224.01,150,3.0758340209879466e-05,48
2024-07-08,2024-07-08 13:47:00+00:00,77,224.22,73,3.895719149483587e-05,77
2024-07-08,2024-07-08 13:48:00+00:00,73,224.2,0,3.7931822323651786e-05,77
2024-07-09,2024-07-09 13:30:00+00:00,78,228.2,922,3.920934423397525e-05,78
2024-07-09,2024-07-09 13:31:00+00:00,10,227.36,912,1.4039197303640975e-05,10
2024-07-09,2024-07-09 13:32:00+00:00,33,226.92,879,2.5503468412567888e-05,33
2024-07-09,2024-07-09 13:33:00+00:00,48,226.95,831,3.0758340209879466e-05,48
2024-07-09,2024-07-09 13:34:00+00:00,48,227.18,783,3.0758340209879466e-05,48
2024-07-09,2024-07-09 13:35:00+00:00,48,227.06,735,3.0758340209879466e-05,48
2024-07-09,2024-07-09 13:36:00+00:00,48,227.71,687,3.0758340209879466e-05,48
2024-07-09,2024-07-09 13:37:00+00:00,89,227.73,598,4.188295169018039e-05,89
2024-07-09,2024-07-09 13:38:00+00:00,89,227.67,509,4.188295169018039e-05,89
2024-07-09,2024-07-09 13:39:00+00:00,78,227.72,431,3.920934423397525e-05,78
2024-07-09,2024-07-09 13:40:00+00:00,77,227.89,354,3.895719149483587e-05,77
2024-07-09,2024-07-09 13:41:00+00:00,89,227.67,265,4.188295169018039e-05,89
2024-07-09,2024-07-09 13:42:00+00:00,78,227.49,187,3.920934423397525e-05,78
2024-07-09,2024-07-09 13:43:00+00:00,10,227.36,177,1.4039197303640975e-05,10
2024-07-09,2024-07-09 13:44:00+00:00,78,227.39,99,3.920934423397525e-05,78
2024-07-09,2024-07-09 13:45:00+00:00,70,227.29,29,3.714422467240257e-05,70
2024-07-09,2024-07-09 13:46:00+00:00,29,227.49,0,2.390789151511743e-05,44
2024-07-17,2024-07-17 13:30:00+00:00,46,230.17,954,3.0110723675803213e-05,46
2024-07-17,2024-07-17 13:31:00+00:00,13,230.79,941,1.600714775372952e-05,13
2024-07-17,2024-07-17 13:32:00+00:00,78,231.05,863,3.920934423397525e-05,78
2024-07-17,2024-07-17 13:33:00+00:00,44,231.14,819,2.9448868706530376e-05,44
2024-07-17,2024-07-17 13:34:00+00:00,78,231.44,741,3.920934423397525e-05,78
2024-07-17,2024-07-17 13:35:00+00:00,77,231.34,664,3.895719149483587e-05,77
2024-07-17,2024-07-17 13:36:00+00:00,77,231.17,587,3.895719149483587e-05,77
2024-07-17,2024-07-17 13:37:00+00:00,77,230.81,510,3.895719149483587e-05,77
2024-07-17,2024-07-17 13:38:00+00:00,13,230.69,497,1.600714775372952e-05,13
2024-07-17,2024-07-17 13:39:00+00:00,77,230.5,420,3.895719149483587e-05,77
2024-07-17,2024-07-17 13:40:00+00:00,64,230.1,356,3.5516672e-05,64
2024-07-17,2024-07-17 13:41:00+00:00,77,229.97,279,3.895719149483587e-05,77
2024-07-17,2024-07-17 13:42:00+00:00,77,229.9,202,3.895719149483587e-05,77
2024-07-17,2024-07-17 13:43:00+00:00,78,228.85,124,3.920934423397525e-05,78
2024-07-17,2024-07-17 13:44:00+00:00,77,228.36,47,3.895719149483587e-05,77
2024-07-17,2024-07-17 13:45:00+00:00,47,228.8,0,3.043625447346687e-05,78
2024-08-07,2024-08-07 13:30:00+00:00,46,208.34,954,3.0110723675803213e-05,46
2024-08-07,2024-08-07 13:31:00+00:00,77,208.93,877,3.895719149483587e-05,77
2024-08-07,2024-08-07 13:32:00+00:00,77,209.34,800,3.895719149483587e-05,77
2024-08-07,2024-08-07 13:33:00+00:00,48,209.37,752,3.0758340209879466e-05,48
2024-08-07,2024-08-07 13:34:00+00:00,48,209.74,704,3.0758340209879466e-05,48
2024-08-07,2024-08-07 13:35:00+00:00,33,209.82,671,2.5503468412567888e-05,33
2024-08-07,2024-08-07 13:36:00+00:00,77,210.39,594,3.895719149483587e-05,77
2024-08-07,2024-08-07 13:37:00+00:00,89,210.98,505,4.188295169018039e-05,89
2024-08-07,2024-08-07 13:38:00+00:00,33,210.95,472,2.5503468412567888e-05,33
2024-08-07,2024-08-07 13:39:00+00:00,35,211.47,437,2.6264933147772528e-05,35
2024-08-07,2024-08-07 13:40:00+00:00,10,211.45,427,1.4039197303640975e-05,10
2024-08-07,2024-08-07 13:41:00+00:00,48,211.63,379,3.0758340209879466e-05,48
2024-08-07,2024-08-07 13:42:00+00:00,10,211.6,369,1.4039197303640975e-05,10
2024-08-07,2024-08-07 13:43:00+00:00,44,211.23,325,2.9448868706530376e-05,44
2024-08-07,2024-08-07 13:44:00+00:00,77,211.4,248,3.895719149483587e-05,77
2024-08-07,2024-08-07 13:45:00+00:00,48,211.42,200,3.0758340209879466e-05,48
2024-08-07,2024-08-07 13:46:00+00:00,89,211.7,111,4.188295169018039e-05,89
2024-08-07,2024-08-07 13:47:00+00:00,39,211.61,72,2.7725193193721555e-05,39
2024-08-07,2024-08-07 13:48:00+00:00,72,212.09,0,3.7671119424567565e-05,78
2024-08-09,2024-08-09 13:30:00+00:00,78,212.45,922,3.920934423397525e-05,78
2024-08-09,2024-08-09 13:31:00+00:00,48,212.87,874,3.0758340209879466e-05,48
2024-08-09,2024-08-09 13:32:00+00:00,45,212.88,829,2.978163484746128e-05,45
2024-08-09,2024-08-09 13:33:00+00:00,77,213.31,752,3.895719149483587e-05,77
2024-08-09,2024-08-09 13:34:00+00:00,33,213.22,719,2.5503468412567888e-05,33
2024-08-09,2024-08-09 13:35:00+00:00,33,213.42,686,2.5503468412567888e-05,33
2024-08-09,2024-08-09 13:36:00+00:00,33,213.45,653,2.5503468412567888e-05,33
2024-08-09,2024-08-09 13:37:00+00:00,10,213.48,643,1.4039197303640975e-05,10
2024-08-09,2024-08-09 13:38:00+00:00,45,213.34,598,2.978163484746128e-05,45
2024-08-09,2024-08-09 13:39:00+00:00,45,213.41,553,2.978163484746128e-05,45
2024-08-09,2024-08-09 13:40:00+00:00,33,213.36,520,2.5503468412567888e-05,33
2024-08-09,2024-08-09 13:41:00+00:00,60,213.05,460,3.438886979217782e-05,60
2024-08-09,2024-08-09 13:42:00+00:00,57,212.87,403,3.351812416147706e-05,57
2024-08-09,2024-08-09 13:43:00+00:00,45,212.57,358,2.978163484746128e-05,45
2024-08-09,2024-08-09 13:44:00+00:00,35,212.55,323,2.6264933147772528e-05,35
2024-08-09,2024-08-09 13:45:00+00:00,33,212.81,290,2.5503468412567888e-05,33
2024-08-09,2024-08-09 13:46:00+00:00,35,212.56,255,2.6264933147772528e-05,35
2024-08-09,2024-08-09 13:47:00+00:00,89,212.66,166,4.188295169018039e-05,89
2024-08-09,2024-08-09 13:48:00+00:00,20,213.12,146,1.9854423231640855e-05,20
2024-08-09,2024-08-09 13:49:00+00:00,49,213.1,97,3.1077088e-05,49
2024-08-09,2024-08-09 13:50:00+00:00,61,213.14,36,3.4674259497160366e-05,61
2024-08-09,2024-08-09 13:51:00+00:00,10,213.24,26,1.4039197303640975e-05,10
2024-08-09,2024-08-09 13:52:00+00:00,26,213.29,0,2.263752544823431e-05,66
2024-08-21,2024-08-21 13:30:00+00:00,78,226.62,922,3.920934423397525e-05,78
2024-08-21,2024-08-21 13:31:00+00:00,33,226.66,889,2.5503468412567888e-05,33
2024-08-21,2024-08-21 13:32:00+00:00,13,226.56,876,1.600714775372952e-05,13
2024-08-21,2024-08-21 13:33:00+00:00,77,226.63,799,3.895719149483587e-05,77
2024-08-21,2024-08-21 13:34:00+00:00,33,226.5,766,2.5503468412567888e-05,33
2024-08-21,2024-08-21 13:35:00+00:00,89,226.62,677,4.188295169018039e-05,89
2024-08-21,2024-08-21 13:36:00+00:00,48,226.58,629,3.0758340209879466e-05,48
2024-08-21,2024-08-21 13:37:00+00:00,44,226.35,585,2.9448868706530376e-05,44
2024-08-21,2024-08-21 13:38:00+00:00,89,226.35,496,4.188295169018039e-05,89
2024-08-21,2024-08-21 13:39:00+00:00,77,226.32,419,3.895719149483587e-05,77
2024-08-21,2024-08-21 13:40:00+00:00,61,226.27,358,3.4674259497160366e-05,61
2024-08-21,2024-08-21 13:41:00+00:00,12,226.55,346,1.5379170104939733e-05,12
2024-08-21,2024-08-21 13:42:00+00:00,10,226.58,336,1.4039197303640975e-05,10
2024-08-21,2024-08-21 13:43:00+00:00,20,226.74,316,1.9854423231640855e-05,20
2024-08-21,2024-08-21 13:44:00+00:00,10,226.78,306,1.4039197303640975e-05,10
2024-08-21,2024-08-21 13:45:00+00:00,10,226.78,296,1.4039197303640975e-05,10
2024-08-21,2024-08-21 13:46:00+00:00,77,226.97,219,3.895719149483587e-05,77
2024-08-21,2024-08-21 13:47:00+00:00,24,226.95,195,2.1749430940448624e-05,24
2024-08-21,2024-08-21 13:48:00+00:00,46,226.95,149,3.0110723675803213e-05,46
2024-08-21,2024-08-21 13:49:00+00:00,10,226.89,139,1.4039197303640975e-05,10
2024-08-21,2024-08-21 13:50:00+00:00,33,226.83,106,2.5503468412567888e-05,33
2024-08-21,2024-08-21 13:51:00+00:00,89,226.8,17,4.188295169018039e-05,89
2024-08-21,2024-08-21 13:52:00+00:00,17,226.7,0,1.8304873765802157e-05,100
2024-08-27,2024-08-27 13:30:00+00:00,46,226.26,954,3.0110723675803213e-05,46
2024-08-27,2024-08-27 13:31:00+00:00,33,225.99,921,2.5503468412567888e-05,33
2024-08-27,2024-08-27 13:32:00+00:00,77,225.91,844,3.895719149483587e-05,77
2024-08-27,2024-08-27 13:33:00+00:00,33,225.91,811,2.5503468412567888e-05,33
2024-08-27,2024-08-27 13:34:00+00:00,25,225.88,786,2.219792e-05,25
2024-08-27,2024-08-27 13:35:00+00:00,89,225.67,697,4.188295169018039e-05,89
2024-08-27,2024-08-27 13:36:00+00:00,33,225.53,664,2.5503468412567888e-05,33
2024-08-27,2024-08-27 13:37:00+00:00,39,225.38,625,2.7725193193721555e-05,39
2024-08-27,2024-08-27 13:38:00+00:00,32,225.2,593,2.511407961637838e-05,32
2024-08-27,2024-08-27 13:39:00+00:00,33,225.17,560,2.5503468412567888e-05,33
2024-08-27,2024-08-27 13:40:00+00:00,33,225.09,527,2.5503468412567888e-05,33
2024-08-27,2024-08-27 13:41:00+00:00,33,225.42,494,2.5503468412567888e-05,33
2024-08-27,2024-08-27 13:42:00+00:00,33,225.47,461,2.5503468412567888e-05,33
2024-08-27,2024-08-27 13:43:00+00:00,27,225.52,434,2.30687551574096e-05,27
2024-08-27,2024-08-27 13:44:00+00:00,89,225.54,345,4.188295169018039e-05,89
2024-08-27,2024-08-27 13:45:00+00:00,22,225.51,323,2.0823494760659942e-05,22
2024-08-27,2024-08-27 13:46:00+00:00,33,225.29,290,2.5503468412567888e-05,33
2024-08-27,2024-08-27 13:47:00+00:00,89,225.49,201,4.188295169018039e-05,89
2024-08-27,2024-08-27 13:48:00+00:00,89,225.95,112,4.188295169018039e-05,89
2024-08-27,2024-08-27 13:49:00+00:00,77,226.06,35,3.895719149483587e-05,77
2024-08-27,2024-08-27 13:50:00+00:00,35,226.23,0,2.6264933147772528e-05,77
2024-09-10,2024-09-10 13:30:00+00:00,77,220.0,923,3.895719149483587e-05,77
2024-09-10,2024-09-10 13:31:00+00:00,44,219.72,879,2.9448868706530376e-05,44
2024-09-10,2024-09-10 13:32:00+00:00,78,219.83,801,3.920934423397525e-05,78
2024-09-10,2024-09-10 13:33:00+00:00,78,219.42,723,3.920934423397525e-05,78
2024-09-10,2024-09-10 13:34:00+00:00,57,218.97,666,3.351812416147706e-05,57
2024-09-10,2024-09-10 13:35:00+00:00,77,218.79,589,3.895719149483587e-05,77
2024-09-10,2024-09-10 13:36:00+00:00,78,218.02,511,3.920934423397525e-05,78
2024-09-10,2024-09-10 13:37:00+00:00,78,218.13,433,3.920934423397525e-05,78
2024-09-10,2024-09-10 13:38:00+00:00,77,217.84,356,3.895719149483587e-05,77
2024-09-10,2024-09-10 13:39:00+00:00,78,217.62,278,3.920934423397525e-05,78
2024-09-10,2024-09-10 13:40:00+00:00,77,217.45,201,3.895719149483587e-05,77
2024-09-10,2024-09-10 13:41:00+00:00,78,217.52,123,3.920934423397525e-05,78
2024-09-10,2024-09-10 13:42:00+00:00,71,217.16,52,3.74085997145974e-05,71
2024-09-10,2024-09-10 13:43:00+00:00,46,217.01,6,3.0110723675803213e-05,46
2024-09-10,2024-09-10 13:44:00+00:00,6,217.31,0,1.0874715470224312e-05,39
2024-09-19,2024-09-19 13:30:00+00:00,46,225.38,954,3.0110723675803213e-05,46
2024-09-19,2024-09-19 13:31:00+00:00,78,225.09,876,3.920934423397525e-05,78
2024-09-19,2024-09-19 13:32:00+00:00,33,225.39,843,2.5503468412567888e-05,33
2024-09-19,2024-09-19 13:33:00+00:00,77,225.68,766,3.895719149483587e-05,77
2024-09-19,2024-09-19 13:34:00+00:00,78,226.06,688,3.920934423397525e-05,78
2024-09-19,2024-09-19 13:35:00+00:00,78,226.01,610,3.920934423397525e-05,78
2024-09-19,2024-09-19 13:36:00+00:00,46,226.19,564,3.0110723675803213e-05,46
2024-09-19,2024-09-19 13:37:00+00:00,77,226.41,487,3.895719149483587e-05,77
2024-09-19,2024-09-19 13:38:00+00:00,46,226.6,441,3.0110723675803213e-05,46
2024-09-19,2024-09-19 13:39:00+00:00,33,226.66,408,2.5503468412567888e-05,33
2024-09-19,2024-09-19 13:40:00+00:00,77,226.81,331,3.895719149483587e-05,77
2024-09-19,2024-09-19 13:41:00+00:00,10,226.93,321,1.4039197303640975e-05,10
2024-09-19,2024-09-19 13:42:00+00:00,46,226.79,275,3.0110723675803213e-05,46
2024-09-19,2024-09-19 13:43:00+00:00,78,226.74,197,3.920934423397525e-05,78
2024-09-19,2024-09-19 13:44:00+00:00,63,226.86,134,3.523810556574414e-05,63
2024-09-19,2024-09-19 13:45:00+00:00,78,227.23,56,3.920934423397525e-05,78
2024-09-19,2024-09-19 13:46:00+00:00,56,227.21,0,3.3222804535606804e-05,61
